,Unnamed: 0,pclass,survived,gender,age,sibsp,parch,fare,embarked
0,0,1,1,female,29.0,0,0,211.34,S
1,1,1,1,male,0.9167,1,2,151.55,S
2,2,1,0,female,2.0,1,2,151.55,S
3,3,1,0,male,30.0,1,2,151.55,S
4,4,1,0,female,25.0,1,2,151.55,S
5,5,1,1,male,48.0,0,0,26.55,S
6,6,1,1,female,63.0,1,0,77.96,S
7,7,1,0,male,39.0,0,0,0.0,S
8,8,1,1,female,53.0,2,0,51.48,S
9,9,1,0,male,71.0,0,0,49.5,C
10,10,1,0,male,47.0,1,0,227.53,C
11,11,1,1,female,18.0,1,0,227.53,C
12,12,1,1,female,24.0,0,0,69.3,C
13,13,1,1,female,26.0,0,0,78.85,S
14,14,1,1,male,80.0,0,0,30.0,S
15,15,1,0,male,,0,0,25.93,S
16,16,1,0,male,24.0,0,1,247.52,C
17,17,1,1,female,50.0,0,1,247.52,C
18,18,1,1,female,32.0,0,0,76.29,C
19,19,1,0,male,36.0,0,0,75.24,C
20,20,1,1,male,37.0,1,1,52.55,S
21,21,1,1,female,47.0,1,1,52.55,S
22,22,1,1,male,26.0,0,0,30.0,C
23,23,1,1,female,42.0,0,0,227.53,C
24,24,1,1,female,29.0,0,0,221.78,S
25,25,1,0,male,25.0,0,0,26.0,C
26,26,1,1,male,25.0,1,0,91.08,C
27,27,1,1,female,19.0,1,0,91.08,C
28,28,1,1,female,35.0,0,0,135.63,S
29,29,1,1,male,28.0,0,0,26.55,S
30,30,1,0,male,45.0,0,0,35.5,S
31,31,1,1,male,40.0,0,0,31.0,C
32,32,1,1,female,30.0,0,0,164.87,S
33,33,1,1,female,58.0,0,0,26.55,S
34,34,1,0,male,42.0,0,0,26.55,S
35,35,1,1,female,45.0,0,0,262.38,C
36,36,1,1,female,22.0,0,1,55.0,S
37,37,1,1,male,,0,0,26.55,S
38,38,1,0,male,41.0,0,0,30.5,S
39,39,1,0,male,48.0,0,0,50.5,C
40,40,1,0,male,,0,0,39.6,C
41,41,1,1,female,44.0,0,0,27.72,C
42,42,1,1,female,59.0,2,0,51.48,S
43,43,1,1,female,60.0,0,0,76.29,C
44,44,1,1,female,41.0,0,0,134.5,C
45,45,1,0,male,45.0,0,0,26.55,S
46,46,1,0,male,,0,0,31.0,S
47,47,1,1,male,42.0,0,0,26.29,S
48,48,1,1,female,53.0,0,0,27.45,C
49,49,1,1,male,36.0,0,1,512.33,C
50,50,1,1,female,58.0,0,1,512.33,C
51,51,1,0,male,33.0,0,0,5.0,S
52,52,1,0,male,28.0,0,0,47.1,S
53,53,1,0,male,17.0,0,0,47.1,S
54,54,1,1,male,11.0,1,2,120.0,S
55,55,1,1,female,14.0,1,2,120.0,S
56,56,1,1,male,36.0,1,2,120.0,S
57,57,1,1,female,36.0,1,2,120.0,S
58,58,1,0,male,49.0,0,0,26.0,S
59,59,1,1,female,,0,0,27.72,C
60,60,1,0,male,36.0,1,0,78.85,S
61,61,1,1,female,76.0,1,0,78.85,S
62,62,1,0,male,46.0,1,0,61.18,S
63,63,1,1,female,47.0,1,0,61.18,S
64,64,1,1,male,27.0,1,0,53.1,S
65,65,1,1,female,33.0,1,0,53.1,S
66,66,1,1,female,36.0,0,0,262.38,C
67,67,1,1,female,30.0,0,0,86.5,S
68,68,1,1,male,45.0,0,0,29.7,C
69,69,1,1,female,,0,1,55.0,S
70,70,1,0,male,,0,0,0.0,S
71,71,1,0,male,27.0,1,0,136.78,C
72,72,1,1,female,26.0,1,0,136.78,C
73,73,1,1,female,22.0,0,0,151.55,S
74,74,1,0,male,,0,0,52.0,S
75,75,1,0,male,47.0,0,0,25.59,S
76,76,1,1,female,39.0,1,1,83.16,C
77,77,1,0,male,37.0,1,1,83.16,C
78,78,1,1,female,64.0,0,2,83.16,C
79,79,1,1,female,55.0,2,0,25.7,S
80,80,1,0,male,,0,0,26.55,S
81,81,1,0,male,70.0,1,1,71.0,S
82,82,1,1,female,36.0,0,2,71.0,S
83,83,1,1,female,64.0,1,1,26.55,S
84,84,1,0,male,39.0,1,0,71.28,C
85,85,1,1,female,38.0,1,0,71.28,C
86,86,1,1,male,51.0,0,0,26.55,S
87,87,1,1,male,27.0,0,0,30.5,S
88,88,1,1,female,33.0,0,0,151.55,S
89,89,1,0,male,31.0,1,0,52.0,S
90,90,1,1,female,27.0,1,2,52.0,S
91,91,1,1,male,31.0,1,0,57.0,S
92,92,1,1,female,17.0,1,0,57.0,S
93,93,1,1,male,53.0,1,1,81.86,S
94,94,1,1,male,4.0,0,2,81.86,S
95,95,1,1,female,54.0,1,1,81.86,S
96,96,1,0,male,50.0,1,0,106.43,C
97,97,1,1,female,27.0,1,1,247.52,C
98,98,1,1,female,48.0,1,0,106.43,C
99,99,1,1,female,48.0,1,0,39.6,C
100,100,1,1,male,49.0,1,0,56.93,C
101,101,1,0,male,39.0,0,0,29.7,C
102,102,1,1,female,23.0,0,1,83.16,C
103,103,1,1,female,38.0,0,0,227.53,C
104,104,1,1,female,54.0,1,0,78.27,C
105,105,1,0,female,36.0,0,0,31.68,C
106,106,1,0,male,,0,0,221.78,S
107,107,1,1,female,,0,0,31.68,S
108,108,1,1,female,,0,0,110.88,C
109,109,1,1,male,36.0,0,0,26.39,S
110,110,1,0,male,30.0,0,0,27.75,C
111,111,1,1,female,24.0,3,2,263.0,S
112,112,1,1,female,28.0,3,2,263.0,S
113,113,1,1,female,23.0,3,2,263.0,S
114,114,1,0,male,19.0,3,2,263.0,S
115,115,1,0,male,64.0,1,4,263.0,S
116,116,1,1,female,60.0,1,4,263.0,S
117,117,1,1,female,30.0,0,0,56.93,C
118,118,1,0,male,,0,0,26.55,S
119,119,1,1,male,50.0,2,0,133.65,S
120,120,1,1,male,43.0,1,0,27.72,C
121,121,1,1,female,,1,0,133.65,S
122,122,1,1,female,22.0,0,2,49.5,C
123,123,1,1,male,60.0,1,1,79.2,C
124,124,1,1,female,48.0,1,1,79.2,C
125,125,1,0,male,,0,0,0.0,S
126,126,1,0,male,37.0,1,0,53.1,S
127,127,1,1,female,35.0,1,0,53.1,S
128,128,1,0,male,47.0,0,0,38.5,S
129,129,1,1,female,35.0,0,0,211.5,C
130,130,1,1,female,22.0,0,1,59.4,C
131,131,1,1,female,45.0,0,1,59.4,C
132,132,1,0,male,24.0,0,0,79.2,C
133,133,1,1,male,49.0,1,0,89.1,C
134,134,1,1,female,,1,0,89.1,C
135,135,1,0,male,71.0,0,0,34.65,C
136,136,1,1,male,53.0,0,0,28.5,C
137,137,1,1,female,19.0,0,0,30.0,S
138,138,1,0,male,38.0,0,1,153.46,S
139,139,1,1,female,58.0,0,1,153.46,S
140,140,1,1,male,23.0,0,1,63.36,C
141,141,1,1,female,45.0,0,1,63.36,C
142,142,1,0,male,46.0,0,0,79.2,C
143,143,1,1,male,25.0,1,0,55.44,C
144,144,1,1,female,25.0,1,0,55.44,C
145,145,1,1,male,48.0,1,0,76.73,C
146,146,1,1,female,49.0,1,0,76.73,C
147,147,1,0,male,,0,0,42.4,S
148,148,1,0,male,45.0,1,0,83.48,S
149,149,1,1,female,35.0,1,0,83.48,S
150,150,1,0,male,40.0,0,0,0.0,S
151,151,1,1,male,27.0,0,0,76.73,C
152,152,1,1,male,,0,0,30.0,S
153,153,1,1,female,24.0,0,0,83.16,C
154,154,1,0,male,55.0,1,1,93.5,S
155,155,1,1,female,52.0,1,1,93.5,S
156,156,1,0,male,42.0,0,0,42.5,S
157,157,1,0,male,,0,0,51.86,S
158,158,1,0,male,55.0,0,0,50.0,S
159,159,1,1,female,16.0,0,1,57.98,C
160,160,1,1,female,44.0,0,1,57.98,C
161,161,1,1,female,51.0,1,0,77.96,S
162,162,1,0,male,42.0,1,0,52.0,S
163,163,1,1,female,35.0,1,0,52.0,S
164,164,1,1,male,35.0,0,0,26.55,C
165,165,1,1,male,38.0,1,0,90.0,S
166,166,1,0,male,,0,0,30.7,C
167,167,1,1,female,35.0,1,0,90.0,S
169,169,1,0,female,50.0,0,0,28.71,C
170,170,1,1,male,49.0,0,0,0.0,S
171,171,1,0,male,46.0,0,0,26.0,S
172,172,1,0,male,50.0,0,0,26.0,S
173,173,1,0,male,32.5,0,0,211.5,C
174,174,1,0,male,58.0,0,0,29.7,C
175,175,1,0,male,41.0,1,0,51.86,S
176,176,1,1,female,,1,0,51.86,S
177,177,1,1,male,42.0,1,0,52.55,S
178,178,1,1,female,45.0,1,0,52.55,S
179,179,1,0,male,,0,0,26.55,S
180,180,1,1,female,39.0,0,0,211.34,S
181,181,1,1,female,49.0,0,0,25.93,S
182,182,1,1,female,30.0,0,0,106.43,C
183,183,1,1,male,35.0,0,0,512.33,C
184,184,1,0,male,,0,0,27.72,C
185,185,1,0,male,42.0,0,0,26.55,S
186,186,1,1,female,55.0,0,0,27.72,C
187,187,1,1,female,16.0,0,1,39.4,S
188,188,1,1,female,51.0,0,1,39.4,S
189,189,1,0,male,29.0,0,0,30.0,S
190,190,1,1,female,21.0,0,0,77.96,S
191,191,1,0,male,30.0,0,0,45.5,S
192,192,1,1,female,58.0,0,0,146.52,C
193,193,1,1,female,15.0,0,1,211.34,S
194,194,1,0,male,30.0,0,0,26.0,S
195,195,1,1,female,16.0,0,0,86.5,S
196,196,1,1,male,,0,0,29.7,C
197,197,1,0,male,19.0,1,0,53.1,S
198,198,1,1,female,18.0,1,0,53.1,S
199,199,1,1,female,24.0,0,0,49.5,C
200,200,1,0,male,46.0,0,0,75.24,C
201,201,1,0,male,54.0,0,0,51.86,S
202,202,1,1,male,36.0,0,0,26.29,S
203,203,1,0,male,28.0,1,0,82.17,C
204,204,1,1,female,,1,0,82.17,C
205,205,1,0,male,65.0,0,0,26.55,S
206,206,1,0,male,44.0,2,0,90.0,Q
207,207,1,1,female,33.0,1,0,90.0,Q
208,208,1,1,female,37.0,1,0,90.0,Q
209,209,1,1,male,30.0,1,0,57.75,C
210,210,1,0,male,55.0,0,0,30.5,S
211,211,1,0,male,47.0,0,0,42.4,S
212,212,1,0,male,37.0,0,1,29.7,C
213,213,1,1,female,31.0,1,0,113.28,C
214,214,1,1,female,23.0,1,0,113.28,C
215,215,1,0,male,58.0,0,2,113.28,C
216,216,1,1,female,19.0,0,2,26.28,S
217,217,1,0,male,64.0,0,0,26.0,S
218,218,1,1,female,39.0,0,0,108.9,C
219,219,1,1,male,,0,0,25.74,C
220,220,1,1,female,22.0,0,1,61.98,C
221,221,1,0,male,65.0,0,1,61.98,C
222,222,1,0,male,28.5,0,0,27.72,C
223,223,1,0,male,,0,0,0.0,S
224,224,1,0,male,45.5,0,0,28.5,S
225,225,1,0,male,23.0,0,0,93.5,S
226,226,1,0,male,29.0,1,0,66.6,S
227,227,1,1,female,22.0,1,0,66.6,S
228,228,1,0,male,18.0,1,0,108.9,C
229,229,1,1,female,17.0,1,0,108.9,C
230,230,1,1,female,30.0,0,0,93.5,S
231,231,1,1,male,52.0,0,0,30.5,S
232,232,1,0,male,47.0,0,0,52.0,S
233,233,1,1,female,56.0,0,1,83.16,C
234,234,1,0,male,38.0,0,0,0.0,S
235,235,1,1,male,,0,0,39.6,S
236,236,1,0,male,22.0,0,0,135.63,C
237,237,1,0,male,,0,0,227.53,C
238,238,1,1,female,43.0,0,1,211.34,S
239,239,1,0,male,31.0,0,0,50.5,S
240,240,1,1,male,45.0,0,0,26.55,S
241,241,1,0,male,,0,0,50.0,S
242,242,1,1,female,33.0,0,0,27.72,C
243,243,1,0,male,46.0,0,0,79.2,C
244,244,1,0,male,36.0,0,0,40.13,C
245,245,1,1,female,33.0,0,0,86.5,S
246,246,1,0,male,55.0,1,0,59.4,C
247,247,1,1,female,54.0,1,0,59.4,C
248,248,1,0,male,33.0,0,0,26.55,S
249,249,1,1,male,13.0,2,2,262.38,C
250,250,1,1,female,18.0,2,2,262.38,C
251,251,1,1,female,21.0,2,2,262.38,C
252,252,1,0,male,61.0,1,3,262.38,C
253,253,1,1,female,48.0,1,3,262.38,C
254,254,1,1,male,,0,0,30.5,S
255,255,1,1,female,24.0,0,0,69.3,C
256,256,1,1,male,,0,0,26.0,S
257,257,1,1,female,35.0,1,0,57.75,C
258,258,1,1,female,30.0,0,0,31.0,C
259,259,1,1,male,34.0,0,0,26.55,S
260,260,1,1,female,40.0,0,0,153.46,S
261,261,1,1,male,35.0,0,0,26.29,S
262,262,1,0,male,50.0,1,0,55.9,S
263,263,1,1,female,39.0,1,0,55.9,S
264,264,1,1,male,56.0,0,0,35.5,C
265,265,1,1,male,28.0,0,0,35.5,S
266,266,1,0,male,56.0,0,0,26.55,S
267,267,1,0,male,56.0,0,0,30.7,C
268,268,1,0,male,24.0,1,0,60.0,S
269,269,1,0,male,,0,0,26.0,S
270,270,1,1,female,18.0,1,0,60.0,S
271,271,1,1,male,24.0,1,0,82.27,S
272,272,1,1,female,23.0,1,0,82.27,S
273,273,1,1,male,6.0,0,2,134.5,C
274,274,1,1,male,45.0,1,1,134.5,C
275,275,1,1,female,40.0,1,1,134.5,C
276,276,1,0,male,57.0,1,0,146.52,C
277,277,1,1,female,,1,0,146.52,C
278,278,1,1,male,32.0,0,0,30.5,C
279,279,1,0,male,62.0,0,0,26.55,S
280,280,1,1,male,54.0,1,0,55.44,C
281,281,1,1,female,43.0,1,0,55.44,C
282,282,1,1,female,52.0,1,0,78.27,C
283,283,1,0,male,,0,0,27.72,C
285,285,1,0,male,67.0,1,0,221.78,S
286,286,1,0,female,63.0,1,0,221.78,S
287,287,1,0,male,61.0,0,0,32.32,S
288,288,1,1,female,48.0,0,0,25.93,S
289,289,1,1,female,18.0,0,2,79.65,S
290,290,1,0,male,52.0,1,1,79.65,S
291,291,1,1,female,39.0,1,1,79.65,S
292,292,1,1,male,48.0,1,0,52.0,S
293,293,1,1,female,,1,0,52.0,S
294,294,1,0,male,49.0,1,1,110.88,C
295,295,1,1,male,17.0,0,2,110.88,C
296,296,1,1,female,39.0,1,1,110.88,C
297,297,1,1,female,,0,0,79.2,C
298,298,1,1,male,31.0,0,0,28.54,C
299,299,1,0,male,40.0,0,0,27.72,C
300,300,1,0,male,61.0,0,0,33.5,S
301,301,1,0,male,47.0,0,0,34.02,S
302,302,1,1,female,35.0,0,0,512.33,C
303,303,1,0,male,64.0,1,0,75.25,C
304,304,1,1,female,60.0,1,0,75.25,C
305,305,1,0,male,60.0,0,0,26.55,S
306,306,1,0,male,54.0,0,1,77.29,S
307,307,1,0,male,21.0,0,1,77.29,S
308,308,1,1,female,55.0,0,0,135.63,C
309,309,1,1,female,31.0,0,2,164.87,S
310,310,1,0,male,57.0,1,1,164.87,S
311,311,1,1,female,45.0,1,1,164.87,S
312,312,1,0,male,50.0,1,1,211.5,C
313,313,1,0,male,27.0,0,2,211.5,C
314,314,1,1,female,50.0,1,1,211.5,C
315,315,1,1,female,21.0,0,0,26.55,S
316,316,1,0,male,51.0,0,1,61.38,C
317,317,1,1,male,21.0,0,1,61.38,C
318,318,1,0,male,,0,0,35.0,S
319,319,1,1,female,31.0,0,0,134.5,C
320,320,1,1,male,,0,0,35.5,S
321,321,1,0,male,62.0,0,0,26.55,S
322,322,1,1,female,36.0,0,0,135.63,C
323,323,2,0,male,30.0,1,0,24.0,C
324,324,2,1,female,28.0,1,0,24.0,C
325,325,2,0,male,30.0,0,0,13.0,S
326,326,2,0,male,18.0,0,0,11.5,S
327,327,2,0,male,25.0,0,0,10.5,S
328,328,2,0,male,34.0,1,0,26.0,S
329,329,2,1,female,36.0,1,0,26.0,S
330,330,2,0,male,57.0,0,0,13.0,S
331,331,2,0,male,18.0,0,0,11.5,S
332,332,2,0,male,23.0,0,0,10.5,S
333,333,2,1,female,36.0,0,0,13.0,S
334,334,2,0,male,28.0,0,0,10.5,S
335,335,2,0,male,51.0,0,0,12.53,S
336,336,2,1,male,32.0,1,0,26.0,S
337,337,2,1,female,19.0,1,0,26.0,S
338,338,2,0,male,28.0,0,0,26.0,S
339,339,2,1,male,1.0,2,1,39.0,S
340,340,2,1,female,4.0,2,1,39.0,S
341,341,2,1,female,12.0,2,1,39.0,S
342,342,2,1,female,36.0,0,3,39.0,S
343,343,2,1,male,34.0,0,0,13.0,S
344,344,2,1,female,19.0,0,0,13.0,S
345,345,2,0,male,23.0,0,0,13.0,S
346,346,2,0,male,26.0,0,0,13.0,S
347,347,2,0,male,42.0,0,0,13.0,S
348,348,2,0,male,27.0,0,0,13.0,S
349,349,2,1,female,24.0,0,0,13.0,S
350,350,2,1,female,15.0,0,2,39.0,S
351,351,2,0,male,60.0,1,1,39.0,S
352,352,2,1,female,40.0,1,1,39.0,S
353,353,2,1,female,20.0,1,0,26.0,S
354,354,2,0,male,25.0,1,0,26.0,S
355,355,2,1,female,36.0,0,0,13.0,S
356,356,2,0,male,25.0,0,0,13.0,S
357,357,2,0,male,42.0,0,0,13.0,S
358,358,2,1,female,42.0,0,0,13.0,S
359,359,2,1,male,0.8333,0,2,29.0,S
360,360,2,1,male,26.0,1,1,29.0,S
361,361,2,1,female,22.0,1,1,29.0,S
362,362,2,1,female,35.0,0,0,21.0,S
363,363,2,0,male,,0,0,0.0,S
364,364,2,0,male,19.0,0,0,13.0,S
365,365,2,0,female,44.0,1,0,26.0,S
366,366,2,0,male,54.0,1,0,26.0,S
367,367,2,0,male,52.0,0,0,13.5,S
368,368,2,0,male,37.0,1,0,26.0,S
369,369,2,0,female,29.0,1,0,26.0,S
370,370,2,1,female,25.0,1,1,30.0,S
371,371,2,1,female,45.0,0,2,30.0,S
372,372,2,0,male,29.0,1,0,26.0,S
373,373,2,1,female,28.0,1,0,26.0,S
374,374,2,0,male,29.0,0,0,10.5,S
375,375,2,0,male,28.0,0,0,13.0,S
376,376,2,1,male,24.0,0,0,10.5,S
377,377,2,1,female,8.0,0,2,26.25,S
378,378,2,0,male,31.0,1,1,26.25,S
379,379,2,1,female,31.0,1,1,26.25,S
380,380,2,1,female,22.0,0,0,10.5,S
381,381,2,0,female,30.0,0,0,13.0,S
382,382,2,0,female,,0,0,21.0,S
383,383,2,0,male,21.0,0,0,11.5,S
384,384,2,0,male,,0,0,0.0,S
385,385,2,1,male,8.0,1,1,36.75,S
386,386,2,0,male,18.0,0,0,73.5,S
387,387,2,1,female,48.0,0,2,36.75,S
388,388,2,1,female,28.0,0,0,13.0,S
389,389,2,0,male,32.0,0,0,13.0,S
390,390,2,0,male,17.0,0,0,73.5,S
391,391,2,0,male,29.0,1,0,27.72,C
392,392,2,1,female,24.0,1,0,27.72,C
393,393,2,0,male,25.0,0,0,31.5,S
394,394,2,0,male,18.0,0,0,73.5,S
395,395,2,1,female,18.0,0,1,23.0,S
396,396,2,1,female,34.0,0,1,23.0,S
397,397,2,0,male,54.0,0,0,26.0,S
398,398,2,1,male,8.0,0,2,32.5,S
399,399,2,0,male,42.0,1,1,32.5,S
400,400,2,1,female,34.0,1,1,32.5,S
401,401,2,1,female,27.0,1,0,13.86,C
402,402,2,1,female,30.0,1,0,13.86,C
403,403,2,0,male,23.0,0,0,13.0,S
404,404,2,0,male,21.0,0,0,13.0,S
405,405,2,0,male,18.0,0,0,13.0,S
406,406,2,0,male,40.0,1,0,26.0,S
407,407,2,1,female,29.0,1,0,26.0,S
408,408,2,0,male,18.0,0,0,10.5,S
409,409,2,0,male,36.0,0,0,13.0,S
410,410,2,0,male,,0,0,0.0,S
411,411,2,0,female,38.0,0,0,13.0,S
412,412,2,0,male,35.0,0,0,26.0,S
413,413,2,0,male,38.0,1,0,21.0,S
414,414,2,0,male,34.0,1,0,21.0,S
415,415,2,1,female,34.0,0,0,13.0,S
416,416,2,0,male,16.0,0,0,26.0,S
417,417,2,0,male,26.0,0,0,10.5,S
418,418,2,0,male,47.0,0,0,10.5,S
419,419,2,0,male,21.0,1,0,11.5,S
420,420,2,0,male,21.0,1,0,11.5,S
421,421,2,0,male,24.0,0,0,13.5,S
422,422,2,0,male,24.0,0,0,13.0,S
423,423,2,0,male,34.0,0,0,13.0,S
424,424,2,0,male,30.0,0,0,13.0,S
425,425,2,0,male,52.0,0,0,13.0,S
426,426,2,0,male,30.0,0,0,13.0,S
427,427,2,1,male,0.6667,1,1,14.5,S
428,428,2,1,female,24.0,0,2,14.5,S
429,429,2,0,male,44.0,0,0,13.0,S
430,430,2,1,female,6.0,0,1,33.0,S
431,431,2,0,male,28.0,0,1,33.0,S
432,432,2,1,male,62.0,0,0,10.5,S
433,433,2,0,male,30.0,0,0,10.5,S
434,434,2,1,female,7.0,0,2,26.25,S
435,435,2,0,male,43.0,1,1,26.25,S
436,436,2,1,female,45.0,1,1,26.25,S
437,437,2,1,female,24.0,1,2,65.0,S
438,438,2,1,female,24.0,1,2,65.0,S
439,439,2,0,male,49.0,1,2,65.0,S
440,440,2,1,female,48.0,1,2,65.0,S
441,441,2,1,female,55.0,0,0,16.0,S
442,442,2,0,male,24.0,2,0,73.5,S
443,443,2,0,male,32.0,2,0,73.5,S
444,444,2,0,male,21.0,2,0,73.5,S
445,445,2,0,female,18.0,1,1,13.0,S
446,446,2,1,female,20.0,2,1,23.0,S
447,447,2,0,male,23.0,2,1,11.5,S
448,448,2,0,male,36.0,0,0,13.0,S
449,449,2,1,female,54.0,1,3,23.0,S
450,450,2,0,male,50.0,0,0,13.0,S
451,451,2,0,male,44.0,1,0,26.0,S
452,452,2,1,female,29.0,1,0,26.0,S
453,453,2,0,male,21.0,0,0,73.5,S
454,454,2,1,male,42.0,0,0,13.0,S
455,455,2,0,male,63.0,1,0,26.0,S
456,456,2,0,female,60.0,1,0,26.0,S
457,457,2,0,male,33.0,0,0,12.28,S
458,458,2,1,female,17.0,0,0,10.5,S
459,459,2,0,male,42.0,1,0,27.0,S
460,460,2,1,female,24.0,2,1,27.0,S
461,461,2,0,male,47.0,0,0,15.0,S
462,462,2,0,male,24.0,2,0,31.5,S
463,463,2,0,male,22.0,2,0,31.5,S
464,464,2,0,male,32.0,0,0,10.5,S
465,465,2,1,female,23.0,0,0,13.79,C
466,466,2,0,male,34.0,1,0,26.0,S
467,467,2,1,female,24.0,1,0,26.0,S
468,468,2,0,female,22.0,0,0,21.0,S
469,469,2,1,female,,0,0,12.35,Q
470,470,2,0,male,35.0,0,0,12.35,Q
471,471,2,1,female,45.0,0,0,13.5,S
472,472,2,0,male,57.0,0,0,12.35,Q
473,473,2,0,male,,0,0,0.0,S
474,474,2,0,male,31.0,0,0,10.5,S
475,475,2,0,female,26.0,1,1,26.0,S
476,476,2,0,male,30.0,1,1,26.0,S
477,477,2,0,male,,0,0,10.71,Q
478,478,2,1,female,1.0,1,2,41.58,C
479,479,2,1,female,3.0,1,2,41.58,C
480,480,2,0,male,25.0,1,2,41.58,C
481,481,2,1,female,22.0,1,2,41.58,C
482,482,2,1,female,17.0,0,0,12.0,C
483,483,2,1,female,,0,0,33.0,S
484,484,2,1,female,34.0,0,0,10.5,S
485,485,2,0,male,36.0,0,0,12.88,C
486,486,2,0,male,24.0,0,0,10.5,S
487,487,2,0,male,61.0,0,0,12.35,Q
488,488,2,0,male,50.0,1,0,26.0,S
489,489,2,1,female,42.0,1,0,26.0,S
490,490,2,0,female,57.0,0,0,10.5,S
491,491,2,0,male,,0,0,15.05,C
492,492,2,1,male,1.0,0,2,37.0,C
493,493,2,0,male,31.0,1,1,37.0,C
494,494,2,1,female,24.0,1,1,37.0,C
495,495,2,0,male,,0,0,15.58,C
496,496,2,0,male,30.0,0,0,13.0,S
497,497,2,0,male,40.0,0,0,16.0,S
498,498,2,0,male,32.0,0,0,13.5,S
499,499,2,0,male,30.0,0,0,13.0,S
500,500,2,0,male,46.0,0,0,26.0,S
501,501,2,1,female,13.0,0,1,19.5,S
502,502,2,1,female,41.0,0,1,19.5,S
503,503,2,1,male,19.0,0,0,10.5,S
504,504,2,0,male,39.0,0,0,13.0,S
505,505,2,0,male,48.0,0,0,13.0,S
506,506,2,0,male,70.0,0,0,10.5,S
507,507,2,0,male,27.0,0,0,13.0,S
508,508,2,0,male,54.0,0,0,14.0,S
509,509,2,0,male,39.0,0,0,26.0,S
510,510,2,0,male,16.0,0,0,10.5,S
511,511,2,0,male,62.0,0,0,9.69,Q
512,512,2,0,male,32.5,1,0,30.07,C
513,513,2,1,female,14.0,1,0,30.07,C
514,514,2,1,male,2.0,1,1,26.0,S
515,515,2,1,male,3.0,1,1,26.0,S
516,516,2,0,male,36.5,0,2,26.0,S
517,517,2,0,male,26.0,0,0,13.0,S
518,518,2,0,male,19.0,1,1,36.75,S
519,519,2,0,male,28.0,0,0,13.5,S
520,520,2,1,male,20.0,0,0,13.86,C
521,521,2,1,female,29.0,0,0,10.5,S
522,522,2,0,male,39.0,0,0,13.0,S
523,523,2,1,male,22.0,0,0,10.5,S
524,524,2,1,male,,0,0,13.86,C
525,525,2,0,male,23.0,0,0,10.5,S
526,526,2,1,male,29.0,0,0,13.86,C
527,527,2,0,male,28.0,0,0,10.5,S
528,528,2,0,male,,0,0,0.0,S
529,529,2,1,female,50.0,0,1,26.0,S
530,530,2,0,male,19.0,0,0,10.5,S
531,531,2,0,male,,0,0,15.05,C
532,532,2,0,male,41.0,0,0,13.0,S
533,533,2,1,female,21.0,0,1,21.0,S
534,534,2,1,female,19.0,0,0,26.0,S
535,535,2,0,male,43.0,0,1,21.0,S
536,536,2,1,female,32.0,0,0,13.0,S
537,537,2,0,male,34.0,0,0,13.0,S
538,538,2,1,male,30.0,0,0,12.74,C
539,539,2,0,male,27.0,0,0,15.03,C
540,540,2,1,female,2.0,1,1,26.0,S
541,541,2,1,female,8.0,1,1,26.0,S
542,542,2,1,female,33.0,0,2,26.0,S
543,543,2,0,male,36.0,0,0,10.5,S
544,544,2,0,male,34.0,1,0,21.0,S
545,545,2,1,female,30.0,3,0,21.0,S
546,546,2,1,female,28.0,0,0,13.0,S
547,547,2,0,male,23.0,0,0,15.05,C
548,548,2,1,male,0.8333,1,1,18.75,S
549,549,2,1,male,3.0,1,1,18.75,S
550,550,2,1,female,24.0,2,3,18.75,S
551,551,2,1,female,50.0,0,0,10.5,S
552,552,2,0,male,19.0,0,0,10.5,S
553,553,2,1,female,21.0,0,0,10.5,S
554,554,2,0,male,26.0,0,0,13.0,S
555,555,2,0,male,25.0,0,0,13.0,S
556,556,2,0,male,27.0,0,0,26.0,S
557,557,2,1,female,25.0,0,1,26.0,S
558,558,2,1,female,18.0,0,2,13.0,S
559,559,2,1,female,20.0,0,0,36.75,S
560,560,2,1,female,30.0,0,0,13.0,S
561,561,2,0,male,59.0,0,0,13.5,S
562,562,2,1,female,30.0,0,0,12.35,Q
563,563,2,0,male,35.0,0,0,10.5,S
564,564,2,1,female,40.0,0,0,13.0,S
565,565,2,0,male,25.0,0,0,13.0,S
566,566,2,0,male,41.0,0,0,15.05,C
567,567,2,0,male,25.0,0,0,10.5,S
568,568,2,0,male,18.5,0,0,13.0,S
569,569,2,0,male,14.0,0,0,65.0,S
570,570,2,1,female,50.0,0,0,10.5,S
571,571,2,0,male,23.0,0,0,13.0,S
572,572,2,1,female,28.0,0,0,12.65,S
573,573,2,1,female,27.0,0,0,10.5,S
574,574,2,0,male,29.0,1,0,21.0,S
575,575,2,0,female,27.0,1,0,21.0,S
576,576,2,0,male,40.0,0,0,13.0,S
577,577,2,1,female,31.0,0,0,21.0,S
578,578,2,0,male,30.0,1,0,21.0,S
579,579,2,0,male,23.0,1,0,10.5,S
580,580,2,1,female,31.0,0,0,21.0,S
581,581,2,0,male,,0,0,0.0,S
582,582,2,1,female,12.0,0,0,15.75,S
583,583,2,1,female,40.0,0,0,15.75,S
584,584,2,1,female,32.5,0,0,13.0,S
585,585,2,0,male,27.0,1,0,26.0,S
586,586,2,1,female,29.0,1,0,26.0,S
587,587,2,1,male,2.0,1,1,23.0,S
588,588,2,1,female,4.0,1,1,23.0,S
589,589,2,1,female,29.0,0,2,23.0,S
590,590,2,1,female,0.9167,1,2,27.75,S
591,591,2,1,female,5.0,1,2,27.75,S
592,592,2,0,male,36.0,1,2,27.75,S
593,593,2,1,female,33.0,1,2,27.75,S
594,594,2,0,male,66.0,0,0,10.5,S
595,595,2,0,male,,0,0,12.88,S
596,596,2,1,male,31.0,0,0,13.0,S
597,597,2,1,male,,0,0,13.0,S
598,598,2,1,female,26.0,0,0,13.5,S
599,599,2,0,female,24.0,0,0,13.0,S
600,600,3,0,male,42.0,0,0,7.55,S
601,601,3,0,male,13.0,0,2,20.25,S
602,602,3,0,male,16.0,1,1,20.25,S
603,603,3,1,female,35.0,1,1,20.25,S
604,604,3,1,female,16.0,0,0,7.65,S
605,605,3,1,male,25.0,0,0,7.65,S
606,606,3,1,male,20.0,0,0,7.93,S
607,607,3,1,female,18.0,0,0,7.23,C
608,608,3,0,male,30.0,0,0,7.25,S
609,609,3,0,male,26.0,0,0,8.05,S
610,610,3,0,female,40.0,1,0,9.48,S
611,611,3,1,male,0.8333,0,1,9.35,S
612,612,3,1,female,18.0,0,1,9.35,S
613,613,3,1,male,26.0,0,0,18.79,C
614,614,3,0,male,26.0,0,0,7.89,S
615,615,3,0,male,20.0,0,0,7.93,S
616,616,3,0,male,24.0,0,0,7.05,S
617,617,3,0,male,25.0,0,0,7.05,S
618,618,3,0,male,35.0,0,0,8.05,S
619,619,3,0,male,18.0,0,0,8.3,S
620,620,3,0,male,32.0,0,0,22.53,S
621,621,3,1,female,19.0,1,0,7.85,S
622,622,3,0,male,4.0,4,2,31.28,S
623,623,3,0,female,6.0,4,2,31.28,S
624,624,3,0,female,2.0,4,2,31.28,S
625,625,3,1,female,17.0,4,2,7.93,S
626,626,3,0,female,38.0,4,2,7.78,S
627,627,3,0,female,9.0,4,2,31.28,S
628,628,3,0,female,11.0,4,2,31.28,S
629,629,3,0,male,39.0,1,5,31.28,S
630,630,3,1,male,27.0,0,0,7.8,S
631,631,3,0,male,26.0,0,0,7.78,S
632,632,3,0,female,39.0,1,5,31.28,S
633,633,3,0,male,20.0,0,0,7.85,S
634,634,3,0,male,26.0,0,0,7.9,S
635,635,3,0,male,25.0,1,0,17.8,S
636,636,3,0,female,18.0,1,0,17.8,S
637,637,3,0,male,24.0,0,0,7.78,S
638,638,3,0,male,35.0,0,0,7.05,S
639,639,3,0,male,5.0,4,2,31.39,S
640,640,3,0,male,9.0,4,2,31.39,S
641,641,3,1,male,3.0,4,2,31.39,S
642,642,3,0,male,13.0,4,2,31.39,S
643,643,3,1,female,5.0,4,2,31.39,S
644,644,3,0,male,40.0,1,5,31.39,S
645,645,3,1,male,23.0,0,0,7.8,S
646,646,3,1,female,38.0,1,5,31.39,S
647,647,3,1,female,45.0,0,0,7.23,C
648,648,3,0,male,21.0,0,0,7.23,C
649,649,3,0,male,23.0,0,0,7.05,S
650,650,3,0,female,17.0,0,0,14.46,C
651,651,3,0,male,30.0,0,0,7.23,C
652,652,3,0,male,23.0,0,0,7.85,S
653,653,3,1,female,13.0,0,0,7.23,C
654,654,3,0,male,20.0,0,0,7.23,C
655,655,3,0,male,32.0,1,0,15.85,S
656,656,3,1,female,33.0,3,0,15.85,S
657,657,3,1,female,0.75,2,1,19.26,C
658,658,3,1,female,0.75,2,1,19.26,C
659,659,3,1,female,5.0,2,1,19.26,C
660,660,3,1,female,24.0,0,3,19.26,C
661,661,3,1,female,18.0,0,0,8.05,S
662,662,3,0,male,40.0,0,0,7.23,C
663,663,3,0,male,26.0,0,0,7.9,S
664,664,3,1,male,20.0,0,0,7.23,C
665,665,3,0,female,18.0,0,1,14.45,C
666,666,3,0,female,45.0,0,1,14.45,C
667,667,3,0,female,27.0,0,0,7.88,Q
668,668,3,0,male,22.0,0,0,8.05,S
669,669,3,0,male,19.0,0,0,8.05,S
670,670,3,0,male,26.0,0,0,7.78,S
671,671,3,0,male,22.0,0,0,9.35,S
672,672,3,0,male,,0,0,7.23,C
673,673,3,0,male,20.0,0,0,4.01,C
674,674,3,1,male,32.0,0,0,56.5,S
675,675,3,0,male,21.0,0,0,7.78,S
676,676,3,0,male,18.0,0,0,7.75,S
677,677,3,0,male,26.0,0,0,7.9,S
678,678,3,0,male,6.0,1,1,15.25,C
679,679,3,0,female,9.0,1,1,15.25,C
680,680,3,0,male,,0,0,7.23,C
681,681,3,0,female,,0,2,15.25,C
682,682,3,0,female,,0,2,7.75,Q
683,683,3,0,male,40.0,1,1,15.5,Q
684,684,3,0,female,32.0,1,1,15.5,Q
685,685,3,0,male,21.0,0,0,16.1,S
686,686,3,1,female,22.0,0,0,7.73,Q
687,687,3,0,female,20.0,0,0,7.85,S
688,688,3,0,male,29.0,1,0,7.05,S
689,689,3,0,male,22.0,1,0,7.25,S
690,690,3,0,male,22.0,0,0,7.8,S
691,691,3,0,male,35.0,0,0,8.05,S
692,692,3,0,female,18.5,0,0,7.28,Q
693,693,3,1,male,21.0,0,0,7.82,Q
694,694,3,0,male,19.0,0,0,6.75,Q
695,695,3,0,female,18.0,0,0,7.88,Q
696,696,3,0,female,21.0,0,0,8.66,S
697,697,3,0,female,30.0,0,0,8.66,S
698,698,3,0,male,18.0,0,0,8.66,S
699,699,3,0,male,38.0,0,0,8.66,S
700,700,3,0,male,17.0,0,0,8.66,S
701,701,3,0,male,17.0,0,0,8.66,S
702,702,3,0,female,21.0,0,0,7.75,Q
703,703,3,0,male,21.0,0,0,7.75,Q
704,704,3,0,male,21.0,0,0,8.05,S
705,705,3,0,male,,1,0,14.46,C
706,706,3,0,female,,1,0,14.46,C
707,707,3,0,male,28.0,0,0,7.8,S
708,708,3,0,male,24.0,0,0,7.85,S
709,709,3,1,female,16.0,0,0,7.75,Q
710,710,3,0,female,37.0,0,0,7.75,Q
711,711,3,0,male,28.0,0,0,7.25,S
712,712,3,0,male,24.0,0,0,8.05,S
713,713,3,0,male,21.0,0,0,7.73,Q
714,714,3,1,male,32.0,0,0,56.5,S
715,715,3,0,male,29.0,0,0,8.05,S
716,716,3,0,male,26.0,1,0,14.45,C
717,717,3,0,male,18.0,1,0,14.45,C
718,718,3,0,male,20.0,0,0,7.05,S
719,719,3,1,male,18.0,0,0,8.05,S
720,720,3,0,male,24.0,0,0,7.25,Q
721,721,3,0,male,36.0,0,0,7.5,S
722,722,3,0,male,24.0,0,0,7.5,S
723,723,3,0,male,31.0,0,0,7.73,Q
724,724,3,0,male,31.0,0,0,7.75,Q
725,725,3,1,female,22.0,0,0,7.75,Q
726,726,3,0,female,30.0,0,0,7.63,Q
727,727,3,0,male,70.5,0,0,7.75,Q
728,728,3,0,male,43.0,0,0,8.05,S
729,729,3,0,male,35.0,0,0,7.9,S
730,730,3,0,male,27.0,0,0,7.9,S
731,731,3,0,male,19.0,0,0,7.9,S
732,732,3,0,male,30.0,0,0,8.05,S
733,733,3,1,male,9.0,1,1,15.9,S
734,734,3,1,male,3.0,1,1,15.9,S
735,735,3,1,female,36.0,0,2,15.9,S
736,736,3,0,male,59.0,0,0,7.25,S
737,737,3,0,male,19.0,0,0,8.16,S
738,738,3,1,female,17.0,0,1,16.1,S
739,739,3,0,male,44.0,0,1,16.1,S
740,740,3,0,male,17.0,0,0,8.66,S
741,741,3,0,male,22.5,0,0,7.23,C
742,742,3,1,male,45.0,0,0,8.05,S
743,743,3,0,female,22.0,0,0,10.52,S
744,744,3,0,male,19.0,0,0,10.17,S
745,745,3,1,female,30.0,0,0,6.95,Q
746,746,3,1,male,29.0,0,0,7.75,Q
747,747,3,0,male,0.3333,0,2,14.4,S
748,748,3,0,male,34.0,1,1,14.4,S
749,749,3,0,female,28.0,1,1,14.4,S
750,750,3,0,male,27.0,0,0,7.9,S
751,751,3,0,male,25.0,0,0,7.9,S
752,752,3,0,male,24.0,2,0,24.15,S
753,753,3,0,male,22.0,0,0,8.05,S
754,754,3,0,male,21.0,2,0,24.15,S
755,755,3,0,male,17.0,2,0,8.05,S
756,756,3,0,male,,1,0,16.1,S
757,757,3,1,female,,1,0,16.1,S
758,758,3,1,male,36.5,1,0,17.4,S
759,759,3,1,female,36.0,1,0,17.4,S
760,760,3,1,male,30.0,0,0,9.5,S
761,761,3,0,male,16.0,0,0,9.5,S
762,762,3,1,male,1.0,1,2,20.58,S
763,763,3,1,female,0.1667,1,2,20.58,S
764,764,3,0,male,26.0,1,2,20.58,S
765,765,3,1,female,33.0,1,2,20.58,S
766,766,3,0,male,25.0,0,0,7.9,S
767,767,3,0,male,,0,0,7.9,S
768,768,3,0,male,,0,0,7.9,S
769,769,3,0,male,22.0,0,0,7.25,S
770,770,3,0,male,36.0,0,0,7.25,S
771,771,3,1,female,19.0,0,0,7.88,Q
772,772,3,0,male,17.0,0,0,7.9,S
773,773,3,0,male,42.0,0,0,8.66,S
774,774,3,0,male,43.0,0,0,7.9,S
775,775,3,0,male,,0,0,7.23,C
776,776,3,0,male,32.0,0,0,7.75,Q
777,777,3,1,male,19.0,0,0,8.05,S
778,778,3,1,female,30.0,0,0,12.48,S
779,779,3,0,female,24.0,0,0,7.75,Q
780,780,3,1,female,23.0,0,0,8.05,S
781,781,3,0,male,33.0,0,0,7.9,C
782,782,3,0,male,65.0,0,0,7.75,Q
783,783,3,1,male,24.0,0,0,7.55,S
784,784,3,0,male,23.0,1,0,13.9,S
785,785,3,1,female,22.0,1,0,13.9,S
786,786,3,0,male,18.0,0,0,7.78,S
787,787,3,0,male,16.0,0,0,7.78,S
788,788,3,0,male,45.0,0,0,6.98,S
789,789,3,0,male,,0,0,7.23,C
790,790,3,0,male,39.0,0,2,7.23,C
791,791,3,0,male,17.0,1,1,7.23,C
792,792,3,0,male,15.0,1,1,7.23,C
793,793,3,0,male,47.0,0,0,7.25,S
794,794,3,1,female,5.0,0,0,12.48,S
795,795,3,0,male,,0,0,7.23,C
796,796,3,0,male,40.5,0,0,15.1,S
797,797,3,0,male,40.5,0,0,7.75,Q
798,798,3,1,male,,0,0,7.05,S
799,799,3,0,male,18.0,0,0,7.8,S
800,800,3,0,female,,0,0,7.75,Q
801,801,3,0,male,,0,0,7.75,Q
802,802,3,0,male,,0,0,6.95,Q
803,803,3,0,male,26.0,0,0,7.88,Q
804,804,3,0,male,,0,0,7.75,Q
805,805,3,1,male,,0,0,56.5,S
806,806,3,0,female,21.0,2,2,34.38,S
807,807,3,0,female,9.0,2,2,34.38,S
808,808,3,0,male,,0,0,8.05,S
809,809,3,0,male,18.0,2,2,34.38,S
810,810,3,0,male,16.0,1,3,34.38,S
811,811,3,0,female,48.0,1,3,34.38,S
812,812,3,0,male,,0,0,7.75,Q
813,813,3,0,male,,0,0,7.25,S
814,814,3,0,male,25.0,0,0,7.74,Q
815,815,3,0,male,,0,0,14.5,S
816,816,3,0,male,,0,0,7.9,C
817,817,3,0,male,22.0,0,0,8.05,S
818,818,3,1,female,16.0,0,0,7.73,Q
819,819,3,1,female,,0,0,7.75,Q
820,820,3,1,male,9.0,0,2,20.53,S
821,821,3,0,male,33.0,1,1,20.53,S
822,822,3,0,male,41.0,0,0,7.85,S
823,823,3,1,female,31.0,1,1,20.53,S
824,824,3,0,male,38.0,0,0,7.05,S
825,825,3,0,male,9.0,5,2,46.9,S
826,826,3,0,male,1.0,5,2,46.9,S
827,827,3,0,male,11.0,5,2,46.9,S
828,828,3,0,female,10.0,5,2,46.9,S
829,829,3,0,female,16.0,5,2,46.9,S
830,830,3,0,male,14.0,5,2,46.9,S
831,831,3,0,male,40.0,1,6,46.9,S
832,832,3,0,female,43.0,1,6,46.9,S
833,833,3,0,male,51.0,0,0,8.05,S
834,834,3,0,male,32.0,0,0,8.36,S
835,835,3,0,male,,0,0,8.05,S
836,836,3,0,male,20.0,0,0,9.85,S
837,837,3,0,male,37.0,2,0,7.93,S
838,838,3,0,male,28.0,2,0,7.93,S
839,839,3,0,male,19.0,0,0,7.78,S
840,840,3,0,female,24.0,0,0,8.85,S
841,841,3,0,female,17.0,0,0,7.73,Q
842,842,3,0,male,,1,0,19.97,S
843,843,3,0,male,,1,0,19.97,S
844,844,3,0,male,28.0,1,0,15.85,S
845,845,3,1,female,24.0,1,0,15.85,S
846,846,3,0,male,20.0,0,0,9.5,S
847,847,3,0,male,23.5,0,0,7.23,C
848,848,3,0,male,41.0,2,0,14.11,S
849,849,3,0,male,26.0,1,0,7.85,S
850,850,3,0,male,21.0,0,0,7.85,S
851,851,3,1,female,45.0,1,0,14.11,S
852,852,3,0,female,,0,0,7.55,S
853,853,3,0,male,25.0,0,0,7.25,S
854,854,3,0,male,,0,0,6.86,Q
855,855,3,0,male,11.0,0,0,18.79,C
856,856,3,1,female,,0,0,7.75,Q
857,857,3,1,male,27.0,0,0,6.98,S
858,858,3,1,male,,0,0,56.5,S
859,859,3,0,female,18.0,0,0,6.75,Q
860,860,3,1,female,26.0,0,0,7.93,S
861,861,3,0,female,23.0,0,0,7.93,S
862,862,3,1,female,22.0,0,0,8.96,S
863,863,3,0,male,28.0,0,0,7.9,S
864,864,3,0,female,28.0,0,0,7.78,S
865,865,3,0,female,,0,0,7.75,Q
866,866,3,1,female,2.0,0,1,12.29,S
867,867,3,1,female,22.0,1,1,12.29,S
868,868,3,0,male,43.0,0,0,6.45,S
869,869,3,0,male,28.0,0,0,22.53,S
870,870,3,1,female,27.0,0,0,7.93,S
871,871,3,0,male,,0,0,7.75,Q
872,872,3,1,female,,0,0,8.05,S
873,873,3,0,male,42.0,0,0,7.65,S
874,874,3,1,male,,0,0,7.89,S
875,875,3,0,male,30.0,0,0,7.23,C
876,876,3,0,male,,0,0,7.9,S
877,877,3,0,female,27.0,1,0,7.93,S
878,878,3,0,female,25.0,1,0,7.93,S
879,879,3,0,male,,0,0,7.9,S
880,880,3,1,male,29.0,0,0,7.9,C
881,881,3,1,male,21.0,0,0,7.8,S
882,882,3,0,male,,0,0,7.05,S
883,883,3,0,male,20.0,0,0,7.85,S
884,884,3,0,male,48.0,0,0,7.85,S
885,885,3,0,male,17.0,1,0,7.05,S
886,886,3,1,female,,0,0,7.75,Q
887,887,3,1,male,,0,0,8.11,S
888,888,3,0,male,34.0,0,0,6.5,S
889,889,3,1,male,26.0,0,0,7.78,S
890,890,3,0,male,22.0,0,0,7.8,S
891,891,3,0,male,33.0,0,0,8.65,S
892,892,3,0,male,31.0,0,0,7.78,S
893,893,3,0,male,29.0,0,0,7.85,S
894,894,3,1,male,4.0,1,1,11.13,S
895,895,3,1,female,1.0,1,1,11.13,S
896,896,3,0,male,49.0,0,0,0.0,S
897,897,3,0,male,33.0,0,0,7.78,S
898,898,3,0,male,19.0,0,0,0.0,S
899,899,3,1,female,27.0,0,2,11.13,S
900,900,3,0,male,,1,2,23.45,S
901,901,3,0,female,,1,2,23.45,S
902,902,3,0,male,,1,2,23.45,S
903,903,3,0,female,,1,2,23.45,S
904,904,3,0,male,23.0,0,0,7.9,S
905,905,3,1,male,32.0,0,0,7.85,S
906,906,3,0,male,27.0,0,0,7.85,S
907,907,3,0,female,20.0,1,0,9.83,S
908,908,3,0,female,21.0,1,0,9.83,S
909,909,3,1,male,32.0,0,0,7.93,S
910,910,3,0,male,17.0,0,0,7.13,S
911,911,3,0,male,21.0,0,0,8.43,S
912,912,3,0,male,30.0,0,0,7.9,S
913,913,3,1,male,21.0,0,0,7.8,S
914,914,3,0,male,33.0,0,0,7.85,S
915,915,3,0,male,22.0,0,0,7.52,S
916,916,3,1,female,4.0,0,1,13.42,C
917,917,3,1,male,39.0,0,1,13.42,C
918,918,3,0,male,,0,0,7.23,C
919,919,3,0,male,18.5,0,0,7.23,C
920,920,3,0,male,,0,0,7.75,Q
921,921,3,0,male,,0,0,7.25,S
922,922,3,1,female,,0,0,7.75,Q
923,923,3,1,female,,0,0,7.75,Q
924,924,3,0,male,34.5,0,0,7.83,Q
925,925,3,0,male,44.0,0,0,8.05,S
926,926,3,1,male,,0,0,7.75,Q
927,927,3,0,male,,1,0,14.45,C
928,928,3,0,female,,1,0,14.45,C
929,929,3,0,male,,1,0,7.75,Q
930,930,3,0,male,,1,0,7.75,Q
931,931,3,0,male,,0,0,7.74,Q
932,932,3,0,female,22.0,2,0,8.66,S
933,933,3,0,male,26.0,2,0,8.66,S
934,934,3,1,female,4.0,0,2,22.03,S
935,935,3,1,male,29.0,3,1,22.03,S
936,936,3,1,female,26.0,1,1,22.03,S
937,937,3,0,female,1.0,1,1,12.18,S
938,938,3,0,male,18.0,1,1,7.85,S
939,939,3,0,female,36.0,0,2,12.18,S
940,940,3,0,male,,0,0,7.9,C
941,941,3,1,male,25.0,0,0,7.23,C
942,942,3,0,male,,0,0,7.23,C
943,943,3,0,female,37.0,0,0,9.59,S
944,944,3,0,male,,0,0,7.9,S
945,945,3,1,male,,0,0,56.5,S
946,946,3,0,male,,0,0,56.5,S
947,947,3,1,female,22.0,0,0,7.25,S
948,948,3,0,male,,0,0,7.75,Q
949,949,3,1,male,26.0,0,0,56.5,S
950,950,3,0,male,29.0,0,0,9.48,S
951,951,3,0,male,29.0,0,0,7.78,S
952,952,3,0,male,22.0,0,0,7.78,S
953,953,3,1,male,22.0,0,0,7.23,C
954,954,3,0,male,,3,1,25.47,S
955,955,3,0,female,,3,1,25.47,S
956,956,3,0,female,,3,1,25.47,S
957,957,3,0,female,,3,1,25.47,S
958,958,3,0,female,,0,4,25.47,S
959,959,3,0,male,32.0,0,0,7.93,S
960,960,3,0,male,34.5,0,0,6.44,C
961,961,3,0,female,,1,0,15.5,Q
962,962,3,0,male,,1,0,15.5,Q
963,963,3,0,male,36.0,0,0,0.0,S
964,964,3,0,male,39.0,0,0,24.15,S
965,965,3,0,male,24.0,0,0,9.5,S
966,966,3,0,female,25.0,0,0,7.78,S
967,967,3,0,female,45.0,0,0,7.75,S
968,968,3,0,male,36.0,1,0,15.55,S
969,969,3,0,female,30.0,1,0,15.55,S
970,970,3,1,male,20.0,1,0,7.93,S
971,971,3,0,male,,0,0,7.88,Q
972,972,3,0,male,28.0,0,0,56.5,S
973,973,3,0,male,,0,0,7.55,S
974,974,3,0,male,30.0,1,0,16.1,S
975,975,3,0,female,26.0,1,0,16.1,S
976,976,3,0,male,,0,0,7.88,S
977,977,3,0,male,20.5,0,0,7.25,S
978,978,3,1,male,27.0,0,0,8.66,S
979,979,3,0,male,51.0,0,0,7.05,S
980,980,3,1,female,23.0,0,0,7.85,S
981,981,3,1,male,32.0,0,0,7.58,S
982,982,3,0,male,,0,0,7.9,S
983,983,3,0,male,,0,0,7.55,S
984,984,3,1,female,,0,0,7.75,Q
985,985,3,1,male,24.0,0,0,7.14,S
986,986,3,0,male,22.0,0,0,7.13,S
987,987,3,0,female,,0,0,7.88,Q
988,988,3,0,male,,0,0,7.75,Q
989,989,3,0,male,,0,0,8.05,S
990,990,3,0,male,29.0,0,0,7.93,S
991,991,3,1,male,,0,0,7.23,C
992,992,3,0,female,30.5,0,0,7.75,Q
993,993,3,1,female,,0,0,7.74,Q
994,994,3,0,male,,0,0,7.23,C
995,995,3,0,male,35.0,0,0,7.9,C
996,996,3,0,male,33.0,0,0,7.9,S
997,997,3,1,female,,0,0,7.23,C
998,998,3,0,male,,0,0,7.9,C
999,999,3,1,female,,0,0,7.75,Q
1000,1000,3,1,male,,0,0,7.75,Q
1001,1001,3,1,female,,2,0,23.25,Q
1002,1002,3,1,female,,2,0,23.25,Q
1003,1003,3,1,male,,2,0,23.25,Q
1004,1004,3,1,female,,0,0,7.79,Q
1005,1005,3,0,male,,0,0,15.5,Q
1006,1006,3,1,female,,0,0,7.88,Q
1007,1007,3,1,female,15.0,0,0,8.03,Q
1008,1008,3,0,female,35.0,0,0,7.75,Q
1009,1009,3,0,male,,0,0,7.75,Q
1010,1010,3,0,male,24.0,1,0,16.1,S
1011,1011,3,0,female,19.0,1,0,16.1,S
1012,1012,3,0,female,,0,0,7.75,Q
1013,1013,3,0,female,,0,0,8.05,S
1014,1014,3,0,female,,0,0,8.05,S
1015,1015,3,0,male,55.5,0,0,8.05,S
1016,1016,3,0,male,,0,0,7.75,Q
1017,1017,3,1,male,21.0,0,0,7.78,S
1018,1018,3,0,male,,0,0,8.05,S
1019,1019,3,0,male,24.0,0,0,7.9,S
1020,1020,3,0,male,21.0,0,0,7.9,S
1021,1021,3,0,male,28.0,0,0,7.9,S
1022,1022,3,0,male,,0,0,7.9,S
1023,1023,3,1,female,,0,0,7.88,Q
1024,1024,3,0,male,25.0,0,0,7.65,S
1025,1025,3,1,male,6.0,0,1,12.48,S
1026,1026,3,1,female,27.0,0,1,12.48,S
1027,1027,3,0,male,,0,0,8.05,S
1028,1028,3,1,female,,1,0,24.15,Q
1029,1029,3,0,male,,1,0,24.15,Q
1030,1030,3,0,male,,0,0,8.46,Q
1031,1031,3,0,male,34.0,0,0,8.05,S
1032,1032,3,0,male,,0,0,7.75,Q
1033,1033,3,1,male,,0,0,7.78,S
1034,1034,3,1,male,,1,1,15.25,C
1035,1035,3,1,male,,1,1,15.25,C
1036,1036,3,1,female,,0,2,15.25,C
1037,1037,3,1,female,,0,0,7.23,C
1038,1038,3,0,male,,0,0,8.05,S
1039,1039,3,1,female,,0,0,7.73,Q
1040,1040,3,1,female,24.0,0,0,7.75,Q
1041,1041,3,0,male,,0,0,8.05,S
1042,1042,3,1,female,,1,0,15.5,Q
1043,1043,3,1,female,,1,0,15.5,Q
1044,1044,3,1,female,,0,0,15.5,Q
1045,1045,3,0,male,18.0,0,0,7.75,S
1046,1046,3,0,male,22.0,0,0,7.9,S
1047,1047,3,1,female,15.0,0,0,7.23,C
1048,1048,3,1,female,1.0,0,2,15.74,C
1049,1049,3,1,male,20.0,1,1,15.74,C
1050,1050,3,1,female,19.0,1,1,15.74,C
1051,1051,3,0,male,33.0,0,0,8.05,S
1052,1052,3,0,male,,0,0,7.9,S
1053,1053,3,0,male,,0,0,7.23,C
1054,1054,3,0,female,,0,0,7.75,Q
1055,1055,3,0,male,,0,0,7.9,S
1056,1056,3,1,male,12.0,1,0,11.24,C
1057,1057,3,1,female,14.0,1,0,11.24,C
1058,1058,3,0,female,29.0,0,0,7.93,S
1059,1059,3,0,male,28.0,0,0,8.05,S
1060,1060,3,1,female,18.0,0,0,7.78,S
1061,1061,3,1,female,26.0,0,0,7.85,S
1062,1062,3,0,male,21.0,0,0,7.85,S
1063,1063,3,0,male,41.0,0,0,7.13,S
1064,1064,3,1,male,39.0,0,0,7.93,S
1065,1065,3,0,male,21.0,0,0,7.8,S
1066,1066,3,0,male,28.5,0,0,7.23,C
1067,1067,3,1,female,22.0,0,0,7.75,S
1068,1068,3,0,male,61.0,0,0,6.24,S
1069,1069,3,0,male,,1,0,15.5,Q
1070,1070,3,0,male,,0,0,7.83,Q
1071,1071,3,1,female,,1,0,15.5,Q
1072,1072,3,0,male,,0,0,7.73,Q
1073,1073,3,0,male,,0,0,7.75,Q
1074,1074,3,0,male,,0,0,7.75,Q
1075,1075,3,0,male,23.0,0,0,9.23,S
1076,1076,3,0,female,,0,0,7.75,Q
1077,1077,3,1,female,,0,0,7.75,Q
1078,1078,3,1,female,,0,0,7.88,Q
1079,1079,3,1,female,22.0,0,0,7.78,S
1080,1080,3,1,male,,0,0,7.75,Q
1081,1081,3,1,female,,0,0,7.83,Q
1082,1082,3,1,male,9.0,0,1,3.17,S
1083,1083,3,0,male,28.0,0,0,22.53,S
1084,1084,3,0,male,42.0,0,1,8.4,S
1085,1085,3,0,male,,0,0,7.31,S
1086,1086,3,0,female,31.0,0,0,7.85,S
1087,1087,3,0,male,28.0,0,0,7.85,S
1088,1088,3,1,male,32.0,0,0,7.78,S
1089,1089,3,0,male,20.0,0,0,9.23,S
1090,1090,3,0,female,23.0,0,0,8.66,S
1091,1091,3,0,female,20.0,0,0,8.66,S
1092,1092,3,0,male,20.0,0,0,8.66,S
1093,1093,3,0,male,16.0,0,0,9.22,S
1094,1094,3,1,female,31.0,0,0,8.68,S
1095,1095,3,0,female,,0,0,7.63,Q
1096,1096,3,0,male,2.0,3,1,21.08,S
1097,1097,3,0,male,6.0,3,1,21.08,S
1098,1098,3,0,female,3.0,3,1,21.08,S
1099,1099,3,0,female,8.0,3,1,21.08,S
1100,1100,3,0,female,29.0,0,4,21.08,S
1101,1101,3,0,male,1.0,4,1,39.69,S
1102,1102,3,0,male,7.0,4,1,39.69,S
1103,1103,3,0,male,2.0,4,1,39.69,S
1104,1104,3,0,male,16.0,4,1,39.69,S
1105,1105,3,0,male,14.0,4,1,39.69,S
1106,1106,3,0,female,41.0,0,5,39.69,S
1107,1107,3,0,male,21.0,0,0,8.66,S
1108,1108,3,0,male,19.0,0,0,14.5,S
1109,1109,3,0,male,,0,0,8.71,C
1110,1110,3,0,male,32.0,0,0,7.9,S
1111,1111,3,0,male,0.75,1,1,13.78,S
1112,1112,3,0,female,3.0,1,1,13.78,S
1113,1113,3,0,female,26.0,0,2,13.78,S
1114,1114,3,0,male,,0,0,7.0,S
1115,1115,3,0,male,,0,0,7.78,S
1116,1116,3,0,male,,0,0,8.05,S
1117,1117,3,0,male,21.0,0,0,7.93,S
1118,1118,3,0,male,25.0,0,0,7.93,S
1119,1119,3,0,male,22.0,0,0,7.25,S
1120,1120,3,1,male,25.0,1,0,7.78,S
1121,1121,3,1,male,,1,1,22.36,C
1122,1122,3,1,female,,1,1,22.36,C
1123,1123,3,1,female,,0,2,22.36,C
1124,1124,3,0,female,,0,0,8.14,Q
1125,1125,3,0,male,24.0,0,0,8.05,S
1126,1126,3,0,female,28.0,0,0,7.9,S
1127,1127,3,0,male,19.0,0,0,7.9,S
1128,1128,3,0,male,,0,0,7.9,S
1129,1129,3,0,male,25.0,1,0,7.78,S
1130,1130,3,0,female,18.0,0,0,7.78,S
1131,1131,3,1,male,32.0,0,0,8.05,S
1132,1132,3,0,male,,0,0,7.9,S
1133,1133,3,0,male,17.0,0,0,8.66,S
1134,1134,3,0,male,24.0,0,0,8.66,S
1135,1135,3,0,male,,0,0,7.9,S
1136,1136,3,0,female,,0,0,8.11,S
1137,1137,3,0,male,,0,0,7.23,C
1138,1138,3,0,male,,0,0,7.25,S
1139,1139,3,0,male,38.0,0,0,7.9,S
1140,1140,3,0,male,21.0,0,0,8.05,S
1141,1141,3,0,male,10.0,4,1,29.13,Q
1142,1142,3,0,male,4.0,4,1,29.13,Q
1143,1143,3,0,male,7.0,4,1,29.13,Q
1144,1144,3,0,male,2.0,4,1,29.13,Q
1145,1145,3,0,male,8.0,4,1,29.13,Q
1146,1146,3,0,female,39.0,0,5,29.13,Q
1147,1147,3,0,female,22.0,0,0,39.69,S
1148,1148,3,0,male,35.0,0,0,7.13,S
1149,1149,3,1,female,,0,0,7.72,Q
1150,1150,3,0,male,,0,0,14.5,S
1151,1151,3,0,female,,0,0,14.5,S
1152,1152,3,0,male,50.0,1,0,14.5,S
1153,1153,3,0,female,47.0,1,0,14.5,S
1154,1154,3,0,male,,0,0,8.05,S
1155,1155,3,0,male,,0,0,7.78,S
1156,1156,3,0,female,2.0,1,1,20.21,S
1157,1157,3,0,male,18.0,1,1,20.21,S
1158,1158,3,0,female,41.0,0,2,20.21,S
1159,1159,3,1,female,,0,0,8.05,S
1160,1160,3,0,male,50.0,0,0,8.05,S
1161,1161,3,0,male,16.0,0,0,8.05,S
1162,1162,3,1,male,,0,0,7.75,Q
1163,1163,3,0,male,,0,0,24.15,Q
1164,1164,3,0,male,,0,0,7.23,C
1165,1165,3,0,male,25.0,0,0,7.23,C
1166,1166,3,0,male,,0,0,7.23,C
1167,1167,3,0,male,,0,0,7.73,Q
1168,1168,3,0,male,,0,0,7.58,S
1169,1169,3,0,male,38.5,0,0,7.25,S
1170,1170,3,0,male,,8,2,69.55,S
1171,1171,3,0,male,14.5,8,2,69.55,S
1172,1172,3,0,female,,8,2,69.55,S
1173,1173,3,0,female,,8,2,69.55,S
1174,1174,3,0,female,,8,2,69.55,S
1175,1175,3,0,female,,8,2,69.55,S
1176,1176,3,0,male,,8,2,69.55,S
1177,1177,3,0,male,,8,2,69.55,S
1178,1178,3,0,male,,8,2,69.55,S
1179,1179,3,0,male,,1,9,69.55,S
1180,1180,3,0,female,,1,9,69.55,S
1181,1181,3,0,male,24.0,0,0,9.33,S
1182,1182,3,1,female,21.0,0,0,7.65,S
1183,1183,3,0,male,39.0,0,0,7.93,S
1184,1184,3,0,male,,2,0,21.68,C
1185,1185,3,0,male,,2,0,21.68,C
1186,1186,3,0,male,,2,0,21.68,C
1187,1187,3,1,female,1.0,1,1,16.7,S
1188,1188,3,1,female,24.0,0,2,16.7,S
1189,1189,3,1,female,4.0,1,1,16.7,S
1190,1190,3,1,male,25.0,0,0,9.5,S
1191,1191,3,0,male,20.0,0,0,8.05,S
1192,1192,3,0,male,24.5,0,0,8.05,S
1193,1193,3,0,male,,0,0,7.73,Q
1194,1194,3,0,male,,0,0,7.9,S
1195,1195,3,0,male,,0,0,7.75,Q
1196,1196,3,1,male,29.0,0,0,9.5,S
1197,1197,3,0,male,,0,0,15.1,S
1198,1198,3,1,female,,0,0,7.78,Q
1199,1199,3,0,male,,0,0,8.05,S
1200,1200,3,0,male,,0,0,8.05,S
1201,1201,3,0,male,22.0,0,0,7.23,C
1202,1202,3,0,male,,0,0,8.05,S
1203,1203,3,0,male,40.0,0,0,7.9,S
1204,1204,3,0,male,21.0,0,0,7.93,S
1205,1205,3,1,female,18.0,0,0,7.5,S
1206,1206,3,0,male,4.0,3,2,27.9,S
1207,1207,3,0,male,10.0,3,2,27.9,S
1208,1208,3,0,female,9.0,3,2,27.9,S
1209,1209,3,0,female,2.0,3,2,27.9,S
1210,1210,3,0,male,40.0,1,4,27.9,S
1211,1211,3,0,female,45.0,1,4,27.9,S
1212,1212,3,0,male,,0,0,7.9,S
1213,1213,3,0,male,,0,0,8.05,S
1214,1214,3,0,male,,0,0,8.66,S
1215,1215,3,0,male,,0,0,7.75,Q
1216,1216,3,1,female,,0,0,7.73,Q
1217,1217,3,0,male,19.0,0,0,7.65,S
1218,1218,3,0,male,30.0,0,0,8.05,S
1219,1219,3,0,male,,0,0,8.05,S
1220,1220,3,0,male,32.0,0,0,8.05,S
1221,1221,3,0,male,,0,0,7.9,S
1222,1222,3,0,male,33.0,0,0,8.66,C
1223,1223,3,1,female,23.0,0,0,7.55,S
1224,1224,3,0,male,21.0,0,0,8.05,S
1225,1225,3,0,male,60.5,0,0,,S
1226,1226,3,0,male,19.0,0,0,7.9,S
1227,1227,3,0,female,22.0,0,0,9.84,S
1228,1228,3,1,male,31.0,0,0,7.93,S
1229,1229,3,0,male,27.0,0,0,8.66,S
1230,1230,3,0,female,2.0,0,1,10.46,S
1231,1231,3,0,female,29.0,1,1,10.46,S
1232,1232,3,1,male,16.0,0,0,8.05,S
1233,1233,3,1,male,44.0,0,0,7.93,S
1234,1234,3,0,male,25.0,0,0,7.05,S
1235,1235,3,0,male,74.0,0,0,7.78,S
1236,1236,3,1,male,14.0,0,0,9.23,S
1237,1237,3,0,male,24.0,0,0,7.8,S
1238,1238,3,1,male,25.0,0,0,7.8,S
1239,1239,3,0,male,34.0,0,0,8.05,S
1240,1240,3,1,male,0.4167,0,1,8.52,C
1241,1241,3,0,male,,1,0,6.44,C
1242,1242,3,0,male,,0,0,6.44,C
1243,1243,3,0,male,,0,0,7.23,C
1244,1244,3,1,female,16.0,1,1,8.52,C
1245,1245,3,0,male,,0,0,8.05,S
1246,1246,3,0,male,,1,0,16.1,S
1247,1247,3,1,female,,1,0,16.1,S
1248,1248,3,0,male,32.0,0,0,7.93,S
1249,1249,3,0,male,,0,0,7.75,Q
1250,1250,3,0,male,,0,0,7.9,S
1251,1251,3,0,male,30.5,0,0,8.05,S
1252,1252,3,0,male,44.0,0,0,8.05,S
1253,1253,3,0,male,,0,0,7.23,C
1254,1254,3,1,male,25.0,0,0,0.0,S
1255,1255,3,0,male,,0,0,7.23,C
1256,1256,3,1,male,7.0,1,1,15.25,C
1257,1257,3,1,female,9.0,1,1,15.25,C
1258,1258,3,1,female,29.0,0,2,15.25,C
1259,1259,3,0,male,36.0,0,0,7.9,S
1260,1260,3,1,female,18.0,0,0,9.84,S
1261,1261,3,1,female,63.0,0,0,9.59,S
1262,1262,3,0,male,,1,1,14.5,S
1263,1263,3,0,male,11.5,1,1,14.5,S
1264,1264,3,0,male,40.5,0,2,14.5,S
1265,1265,3,0,female,10.0,0,2,24.15,S
1266,1266,3,0,male,36.0,1,1,24.15,S
1267,1267,3,0,female,30.0,1,1,24.15,S
1268,1268,3,0,male,,0,0,9.5,S
1269,1269,3,0,male,33.0,0,0,9.5,S
1270,1270,3,0,male,28.0,0,0,9.5,S
1271,1271,3,0,male,28.0,0,0,9.5,S
1272,1272,3,0,male,47.0,0,0,9.0,S
1273,1273,3,0,female,18.0,2,0,18.0,S
1274,1274,3,0,male,31.0,3,0,18.0,S
1275,1275,3,0,male,16.0,2,0,18.0,S
1276,1276,3,0,female,31.0,1,0,18.0,S
1277,1277,3,1,male,22.0,0,0,7.23,C
1278,1278,3,0,male,20.0,0,0,7.85,S
1279,1279,3,0,female,14.0,0,0,7.85,S
1280,1280,3,0,male,22.0,0,0,7.9,S
1281,1281,3,0,male,22.0,0,0,9.0,S
1282,1282,3,0,male,,0,0,8.05,S
1283,1283,3,0,male,,0,0,7.55,S
1284,1284,3,0,male,,0,0,8.05,S
1285,1285,3,0,male,32.5,0,0,9.5,S
1286,1286,3,1,female,38.0,0,0,7.23,C
1287,1287,3,0,male,51.0,0,0,7.75,S
1288,1288,3,0,male,18.0,1,0,6.5,S
1289,1289,3,0,male,21.0,1,0,6.5,S
1290,1290,3,1,female,47.0,1,0,7.0,S
1291,1291,3,0,male,,0,0,8.71,S
1292,1292,3,0,male,,0,0,7.55,S
1293,1293,3,0,male,,0,0,8.05,S
1294,1294,3,0,male,28.5,0,0,16.1,S
1295,1295,3,0,male,21.0,0,0,7.25,S
1296,1296,3,0,male,27.0,0,0,8.66,S
1297,1297,3,0,male,,0,0,7.25,S
1298,1298,3,0,male,36.0,0,0,9.5,S
1299,1299,3,0,male,27.0,1,0,14.45,C
1300,1300,3,1,female,15.0,1,0,14.45,C
1301,1301,3,0,male,45.5,0,0,7.23,C
1302,1302,3,0,male,,0,0,7.23,C
1303,1303,3,0,male,,0,0,14.46,C
1304,1304,3,0,female,14.5,1,0,14.45,C
1305,1305,3,0,female,,1,0,14.45,C
1306,1306,3,0,male,26.5,0,0,7.23,C
1307,1307,3,0,male,27.0,0,0,7.23,C
1308,1308,3,0,male,29.0,0,0,7.88,S
