,pclass,survived,gender,age,sibsp,parch,fare
0,1,1,female,29.0,0,0,211.34
1,1,1,male,0.9167,1,2,151.55
2,1,0,female,2.0,1,2,151.55
3,1,0,male,30.0,1,2,151.55
4,1,0,female,25.0,1,2,151.55
5,1,1,male,48.0,0,0,26.55
6,1,1,female,63.0,1,0,77.96
7,1,0,male,39.0,0,0,0.0
8,1,1,female,53.0,2,0,51.48
9,1,0,male,71.0,0,0,49.5
10,1,0,male,47.0,1,0,227.53
11,1,1,female,18.0,1,0,227.53
12,1,1,female,24.0,0,0,69.3
13,1,1,female,26.0,0,0,78.85
14,1,1,male,80.0,0,0,30.0
15,1,0,male,29.8811345124283,0,0,25.93
16,1,0,male,24.0,0,1,247.52
17,1,1,female,50.0,0,1,247.52
18,1,1,female,32.0,0,0,76.29
19,1,0,male,36.0,0,0,75.24
20,1,1,male,37.0,1,1,52.55
21,1,1,female,47.0,1,1,52.55
22,1,1,male,26.0,0,0,30.0
23,1,1,female,42.0,0,0,227.53
24,1,1,female,29.0,0,0,221.78
25,1,0,male,25.0,0,0,26.0
26,1,1,male,25.0,1,0,91.08
27,1,1,female,19.0,1,0,91.08
28,1,1,female,35.0,0,0,135.63
29,1,1,male,28.0,0,0,26.55
30,1,0,male,45.0,0,0,35.5
31,1,1,male,40.0,0,0,31.0
32,1,1,female,30.0,0,0,164.87
33,1,1,female,58.0,0,0,26.55
34,1,0,male,42.0,0,0,26.55
35,1,1,female,45.0,0,0,262.38
36,1,1,female,22.0,0,1,55.0
37,1,1,male,29.8811345124283,0,0,26.55
38,1,0,male,41.0,0,0,30.5
39,1,0,male,48.0,0,0,50.5
40,1,0,male,29.8811345124283,0,0,39.6
41,1,1,female,44.0,0,0,27.72
42,1,1,female,59.0,2,0,51.48
43,1,1,female,60.0,0,0,76.29
44,1,1,female,41.0,0,0,134.5
45,1,0,male,45.0,0,0,26.55
46,1,0,male,29.8811345124283,0,0,31.0
47,1,1,male,42.0,0,0,26.29
48,1,1,female,53.0,0,0,27.45
49,1,1,male,36.0,0,1,512.33
50,1,1,female,58.0,0,1,512.33
51,1,0,male,33.0,0,0,5.0
52,1,0,male,28.0,0,0,47.1
53,1,0,male,17.0,0,0,47.1
54,1,1,male,11.0,1,2,120.0
55,1,1,female,14.0,1,2,120.0
56,1,1,male,36.0,1,2,120.0
57,1,1,female,36.0,1,2,120.0
58,1,0,male,49.0,0,0,26.0
59,1,1,female,29.8811345124283,0,0,27.72
60,1,0,male,36.0,1,0,78.85
61,1,1,female,76.0,1,0,78.85
62,1,0,male,46.0,1,0,61.18
63,1,1,female,47.0,1,0,61.18
64,1,1,male,27.0,1,0,53.1
65,1,1,female,33.0,1,0,53.1
66,1,1,female,36.0,0,0,262.38
67,1,1,female,30.0,0,0,86.5
68,1,1,male,45.0,0,0,29.7
69,1,1,female,29.8811345124283,0,1,55.0
70,1,0,male,29.8811345124283,0,0,0.0
71,1,0,male,27.0,1,0,136.78
72,1,1,female,26.0,1,0,136.78
73,1,1,female,22.0,0,0,151.55
74,1,0,male,29.8811345124283,0,0,52.0
75,1,0,male,47.0,0,0,25.59
76,1,1,female,39.0,1,1,83.16
77,1,0,male,37.0,1,1,83.16
78,1,1,female,64.0,0,2,83.16
79,1,1,female,55.0,2,0,25.7
80,1,0,male,29.8811345124283,0,0,26.55
81,1,0,male,70.0,1,1,71.0
82,1,1,female,36.0,0,2,71.0
83,1,1,female,64.0,1,1,26.55
84,1,0,male,39.0,1,0,71.28
85,1,1,female,38.0,1,0,71.28
86,1,1,male,51.0,0,0,26.55
87,1,1,male,27.0,0,0,30.5
88,1,1,female,33.0,0,0,151.55
89,1,0,male,31.0,1,0,52.0
90,1,1,female,27.0,1,2,52.0
91,1,1,male,31.0,1,0,57.0
92,1,1,female,17.0,1,0,57.0
93,1,1,male,53.0,1,1,81.86
94,1,1,male,4.0,0,2,81.86
95,1,1,female,54.0,1,1,81.86
96,1,0,male,50.0,1,0,106.43
97,1,1,female,27.0,1,1,247.52
98,1,1,female,48.0,1,0,106.43
99,1,1,female,48.0,1,0,39.6
100,1,1,male,49.0,1,0,56.93
101,1,0,male,39.0,0,0,29.7
102,1,1,female,23.0,0,1,83.16
103,1,1,female,38.0,0,0,227.53
104,1,1,female,54.0,1,0,78.27
105,1,0,female,36.0,0,0,31.68
106,1,0,male,29.8811345124283,0,0,221.78
107,1,1,female,29.8811345124283,0,0,31.68
108,1,1,female,29.8811345124283,0,0,110.88
109,1,1,male,36.0,0,0,26.39
110,1,0,male,30.0,0,0,27.75
111,1,1,female,24.0,3,2,263.0
112,1,1,female,28.0,3,2,263.0
113,1,1,female,23.0,3,2,263.0
114,1,0,male,19.0,3,2,263.0
115,1,0,male,64.0,1,4,263.0
116,1,1,female,60.0,1,4,263.0
117,1,1,female,30.0,0,0,56.93
118,1,0,male,29.8811345124283,0,0,26.55
119,1,1,male,50.0,2,0,133.65
120,1,1,male,43.0,1,0,27.72
121,1,1,female,29.8811345124283,1,0,133.65
122,1,1,female,22.0,0,2,49.5
123,1,1,male,60.0,1,1,79.2
124,1,1,female,48.0,1,1,79.2
125,1,0,male,29.8811345124283,0,0,0.0
126,1,0,male,37.0,1,0,53.1
127,1,1,female,35.0,1,0,53.1
128,1,0,male,47.0,0,0,38.5
129,1,1,female,35.0,0,0,211.5
130,1,1,female,22.0,0,1,59.4
131,1,1,female,45.0,0,1,59.4
132,1,0,male,24.0,0,0,79.2
133,1,1,male,49.0,1,0,89.1
134,1,1,female,29.8811345124283,1,0,89.1
135,1,0,male,71.0,0,0,34.65
136,1,1,male,53.0,0,0,28.5
137,1,1,female,19.0,0,0,30.0
138,1,0,male,38.0,0,1,153.46
139,1,1,female,58.0,0,1,153.46
140,1,1,male,23.0,0,1,63.36
141,1,1,female,45.0,0,1,63.36
142,1,0,male,46.0,0,0,79.2
143,1,1,male,25.0,1,0,55.44
144,1,1,female,25.0,1,0,55.44
145,1,1,male,48.0,1,0,76.73
146,1,1,female,49.0,1,0,76.73
147,1,0,male,29.8811345124283,0,0,42.4
148,1,0,male,45.0,1,0,83.48
149,1,1,female,35.0,1,0,83.48
150,1,0,male,40.0,0,0,0.0
151,1,1,male,27.0,0,0,76.73
152,1,1,male,29.8811345124283,0,0,30.0
153,1,1,female,24.0,0,0,83.16
154,1,0,male,55.0,1,1,93.5
155,1,1,female,52.0,1,1,93.5
156,1,0,male,42.0,0,0,42.5
157,1,0,male,29.8811345124283,0,0,51.86
158,1,0,male,55.0,0,0,50.0
159,1,1,female,16.0,0,1,57.98
160,1,1,female,44.0,0,1,57.98
161,1,1,female,51.0,1,0,77.96
162,1,0,male,42.0,1,0,52.0
163,1,1,female,35.0,1,0,52.0
164,1,1,male,35.0,0,0,26.55
165,1,1,male,38.0,1,0,90.0
166,1,0,male,29.8811345124283,0,0,30.7
167,1,1,female,35.0,1,0,90.0
168,1,1,female,38.0,0,0,80.0
169,1,0,female,50.0,0,0,28.71
170,1,1,male,49.0,0,0,0.0
171,1,0,male,46.0,0,0,26.0
172,1,0,male,50.0,0,0,26.0
173,1,0,male,32.5,0,0,211.5
174,1,0,male,58.0,0,0,29.7
175,1,0,male,41.0,1,0,51.86
176,1,1,female,29.8811345124283,1,0,51.86
177,1,1,male,42.0,1,0,52.55
178,1,1,female,45.0,1,0,52.55
179,1,0,male,29.8811345124283,0,0,26.55
180,1,1,female,39.0,0,0,211.34
181,1,1,female,49.0,0,0,25.93
182,1,1,female,30.0,0,0,106.43
183,1,1,male,35.0,0,0,512.33
184,1,0,male,29.8811345124283,0,0,27.72
185,1,0,male,42.0,0,0,26.55
186,1,1,female,55.0,0,0,27.72
187,1,1,female,16.0,0,1,39.4
188,1,1,female,51.0,0,1,39.4
189,1,0,male,29.0,0,0,30.0
190,1,1,female,21.0,0,0,77.96
191,1,0,male,30.0,0,0,45.5
192,1,1,female,58.0,0,0,146.52
193,1,1,female,15.0,0,1,211.34
194,1,0,male,30.0,0,0,26.0
195,1,1,female,16.0,0,0,86.5
196,1,1,male,29.8811345124283,0,0,29.7
197,1,0,male,19.0,1,0,53.1
198,1,1,female,18.0,1,0,53.1
199,1,1,female,24.0,0,0,49.5
200,1,0,male,46.0,0,0,75.24
201,1,0,male,54.0,0,0,51.86
202,1,1,male,36.0,0,0,26.29
203,1,0,male,28.0,1,0,82.17
204,1,1,female,29.8811345124283,1,0,82.17
205,1,0,male,65.0,0,0,26.55
206,1,0,male,44.0,2,0,90.0
207,1,1,female,33.0,1,0,90.0
208,1,1,female,37.0,1,0,90.0
209,1,1,male,30.0,1,0,57.75
210,1,0,male,55.0,0,0,30.5
211,1,0,male,47.0,0,0,42.4
212,1,0,male,37.0,0,1,29.7
213,1,1,female,31.0,1,0,113.28
214,1,1,female,23.0,1,0,113.28
215,1,0,male,58.0,0,2,113.28
216,1,1,female,19.0,0,2,26.28
217,1,0,male,64.0,0,0,26.0
218,1,1,female,39.0,0,0,108.9
219,1,1,male,29.8811345124283,0,0,25.74
220,1,1,female,22.0,0,1,61.98
221,1,0,male,65.0,0,1,61.98
222,1,0,male,28.5,0,0,27.72
223,1,0,male,29.8811345124283,0,0,0.0
224,1,0,male,45.5,0,0,28.5
225,1,0,male,23.0,0,0,93.5
226,1,0,male,29.0,1,0,66.6
227,1,1,female,22.0,1,0,66.6
228,1,0,male,18.0,1,0,108.9
229,1,1,female,17.0,1,0,108.9
230,1,1,female,30.0,0,0,93.5
231,1,1,male,52.0,0,0,30.5
232,1,0,male,47.0,0,0,52.0
233,1,1,female,56.0,0,1,83.16
234,1,0,male,38.0,0,0,0.0
235,1,1,male,29.8811345124283,0,0,39.6
236,1,0,male,22.0,0,0,135.63
237,1,0,male,29.8811345124283,0,0,227.53
238,1,1,female,43.0,0,1,211.34
239,1,0,male,31.0,0,0,50.5
240,1,1,male,45.0,0,0,26.55
241,1,0,male,29.8811345124283,0,0,50.0
242,1,1,female,33.0,0,0,27.72
243,1,0,male,46.0,0,0,79.2
244,1,0,male,36.0,0,0,40.13
245,1,1,female,33.0,0,0,86.5
246,1,0,male,55.0,1,0,59.4
247,1,1,female,54.0,1,0,59.4
248,1,0,male,33.0,0,0,26.55
249,1,1,male,13.0,2,2,262.38
250,1,1,female,18.0,2,2,262.38
251,1,1,female,21.0,2,2,262.38
252,1,0,male,61.0,1,3,262.38
253,1,1,female,48.0,1,3,262.38
254,1,1,male,29.8811345124283,0,0,30.5
255,1,1,female,24.0,0,0,69.3
256,1,1,male,29.8811345124283,0,0,26.0
257,1,1,female,35.0,1,0,57.75
258,1,1,female,30.0,0,0,31.0
259,1,1,male,34.0,0,0,26.55
260,1,1,female,40.0,0,0,153.46
261,1,1,male,35.0,0,0,26.29
262,1,0,male,50.0,1,0,55.9
263,1,1,female,39.0,1,0,55.9
264,1,1,male,56.0,0,0,35.5
265,1,1,male,28.0,0,0,35.5
266,1,0,male,56.0,0,0,26.55
267,1,0,male,56.0,0,0,30.7
268,1,0,male,24.0,1,0,60.0
269,1,0,male,29.8811345124283,0,0,26.0
270,1,1,female,18.0,1,0,60.0
271,1,1,male,24.0,1,0,82.27
272,1,1,female,23.0,1,0,82.27
273,1,1,male,6.0,0,2,134.5
274,1,1,male,45.0,1,1,134.5
275,1,1,female,40.0,1,1,134.5
276,1,0,male,57.0,1,0,146.52
277,1,1,female,29.8811345124283,1,0,146.52
278,1,1,male,32.0,0,0,30.5
279,1,0,male,62.0,0,0,26.55
280,1,1,male,54.0,1,0,55.44
281,1,1,female,43.0,1,0,55.44
282,1,1,female,52.0,1,0,78.27
283,1,0,male,29.8811345124283,0,0,27.72
284,1,1,female,62.0,0,0,80.0
285,1,0,male,67.0,1,0,221.78
286,1,0,female,63.0,1,0,221.78
287,1,0,male,61.0,0,0,32.32
288,1,1,female,48.0,0,0,25.93
289,1,1,female,18.0,0,2,79.65
290,1,0,male,52.0,1,1,79.65
291,1,1,female,39.0,1,1,79.65
292,1,1,male,48.0,1,0,52.0
293,1,1,female,29.8811345124283,1,0,52.0
294,1,0,male,49.0,1,1,110.88
295,1,1,male,17.0,0,2,110.88
296,1,1,female,39.0,1,1,110.88
297,1,1,female,29.8811345124283,0,0,79.2
298,1,1,male,31.0,0,0,28.54
299,1,0,male,40.0,0,0,27.72
300,1,0,male,61.0,0,0,33.5
301,1,0,male,47.0,0,0,34.02
302,1,1,female,35.0,0,0,512.33
303,1,0,male,64.0,1,0,75.25
304,1,1,female,60.0,1,0,75.25
305,1,0,male,60.0,0,0,26.55
306,1,0,male,54.0,0,1,77.29
307,1,0,male,21.0,0,1,77.29
308,1,1,female,55.0,0,0,135.63
309,1,1,female,31.0,0,2,164.87
310,1,0,male,57.0,1,1,164.87
311,1,1,female,45.0,1,1,164.87
312,1,0,male,50.0,1,1,211.5
313,1,0,male,27.0,0,2,211.5
314,1,1,female,50.0,1,1,211.5
315,1,1,female,21.0,0,0,26.55
316,1,0,male,51.0,0,1,61.38
317,1,1,male,21.0,0,1,61.38
318,1,0,male,29.8811345124283,0,0,35.0
319,1,1,female,31.0,0,0,134.5
320,1,1,male,29.8811345124283,0,0,35.5
321,1,0,male,62.0,0,0,26.55
322,1,1,female,36.0,0,0,135.63
323,2,0,male,30.0,1,0,24.0
324,2,1,female,28.0,1,0,24.0
325,2,0,male,30.0,0,0,13.0
326,2,0,male,18.0,0,0,11.5
327,2,0,male,25.0,0,0,10.5
328,2,0,male,34.0,1,0,26.0
329,2,1,female,36.0,1,0,26.0
330,2,0,male,57.0,0,0,13.0
331,2,0,male,18.0,0,0,11.5
332,2,0,male,23.0,0,0,10.5
333,2,1,female,36.0,0,0,13.0
334,2,0,male,28.0,0,0,10.5
335,2,0,male,51.0,0,0,12.53
336,2,1,male,32.0,1,0,26.0
337,2,1,female,19.0,1,0,26.0
338,2,0,male,28.0,0,0,26.0
339,2,1,male,1.0,2,1,39.0
340,2,1,female,4.0,2,1,39.0
341,2,1,female,12.0,2,1,39.0
342,2,1,female,36.0,0,3,39.0
343,2,1,male,34.0,0,0,13.0
344,2,1,female,19.0,0,0,13.0
345,2,0,male,23.0,0,0,13.0
346,2,0,male,26.0,0,0,13.0
347,2,0,male,42.0,0,0,13.0
348,2,0,male,27.0,0,0,13.0
349,2,1,female,24.0,0,0,13.0
350,2,1,female,15.0,0,2,39.0
351,2,0,male,60.0,1,1,39.0
352,2,1,female,40.0,1,1,39.0
353,2,1,female,20.0,1,0,26.0
354,2,0,male,25.0,1,0,26.0
355,2,1,female,36.0,0,0,13.0
356,2,0,male,25.0,0,0,13.0
357,2,0,male,42.0,0,0,13.0
358,2,1,female,42.0,0,0,13.0
359,2,1,male,0.8333,0,2,29.0
360,2,1,male,26.0,1,1,29.0
361,2,1,female,22.0,1,1,29.0
362,2,1,female,35.0,0,0,21.0
363,2,0,male,29.8811345124283,0,0,0.0
364,2,0,male,19.0,0,0,13.0
365,2,0,female,44.0,1,0,26.0
366,2,0,male,54.0,1,0,26.0
367,2,0,male,52.0,0,0,13.5
368,2,0,male,37.0,1,0,26.0
369,2,0,female,29.0,1,0,26.0
370,2,1,female,25.0,1,1,30.0
371,2,1,female,45.0,0,2,30.0
372,2,0,male,29.0,1,0,26.0
373,2,1,female,28.0,1,0,26.0
374,2,0,male,29.0,0,0,10.5
375,2,0,male,28.0,0,0,13.0
376,2,1,male,24.0,0,0,10.5
377,2,1,female,8.0,0,2,26.25
378,2,0,male,31.0,1,1,26.25
379,2,1,female,31.0,1,1,26.25
380,2,1,female,22.0,0,0,10.5
381,2,0,female,30.0,0,0,13.0
382,2,0,female,29.8811345124283,0,0,21.0
383,2,0,male,21.0,0,0,11.5
384,2,0,male,29.8811345124283,0,0,0.0
385,2,1,male,8.0,1,1,36.75
386,2,0,male,18.0,0,0,73.5
387,2,1,female,48.0,0,2,36.75
388,2,1,female,28.0,0,0,13.0
389,2,0,male,32.0,0,0,13.0
390,2,0,male,17.0,0,0,73.5
391,2,0,male,29.0,1,0,27.72
392,2,1,female,24.0,1,0,27.72
393,2,0,male,25.0,0,0,31.5
394,2,0,male,18.0,0,0,73.5
395,2,1,female,18.0,0,1,23.0
396,2,1,female,34.0,0,1,23.0
397,2,0,male,54.0,0,0,26.0
398,2,1,male,8.0,0,2,32.5
399,2,0,male,42.0,1,1,32.5
400,2,1,female,34.0,1,1,32.5
401,2,1,female,27.0,1,0,13.86
402,2,1,female,30.0,1,0,13.86
403,2,0,male,23.0,0,0,13.0
404,2,0,male,21.0,0,0,13.0
405,2,0,male,18.0,0,0,13.0
406,2,0,male,40.0,1,0,26.0
407,2,1,female,29.0,1,0,26.0
408,2,0,male,18.0,0,0,10.5
409,2,0,male,36.0,0,0,13.0
410,2,0,male,29.8811345124283,0,0,0.0
411,2,0,female,38.0,0,0,13.0
412,2,0,male,35.0,0,0,26.0
413,2,0,male,38.0,1,0,21.0
414,2,0,male,34.0,1,0,21.0
415,2,1,female,34.0,0,0,13.0
416,2,0,male,16.0,0,0,26.0
417,2,0,male,26.0,0,0,10.5
418,2,0,male,47.0,0,0,10.5
419,2,0,male,21.0,1,0,11.5
420,2,0,male,21.0,1,0,11.5
421,2,0,male,24.0,0,0,13.5
422,2,0,male,24.0,0,0,13.0
423,2,0,male,34.0,0,0,13.0
424,2,0,male,30.0,0,0,13.0
425,2,0,male,52.0,0,0,13.0
426,2,0,male,30.0,0,0,13.0
427,2,1,male,0.6667,1,1,14.5
428,2,1,female,24.0,0,2,14.5
429,2,0,male,44.0,0,0,13.0
430,2,1,female,6.0,0,1,33.0
431,2,0,male,28.0,0,1,33.0
432,2,1,male,62.0,0,0,10.5
433,2,0,male,30.0,0,0,10.5
434,2,1,female,7.0,0,2,26.25
435,2,0,male,43.0,1,1,26.25
436,2,1,female,45.0,1,1,26.25
437,2,1,female,24.0,1,2,65.0
438,2,1,female,24.0,1,2,65.0
439,2,0,male,49.0,1,2,65.0
440,2,1,female,48.0,1,2,65.0
441,2,1,female,55.0,0,0,16.0
442,2,0,male,24.0,2,0,73.5
443,2,0,male,32.0,2,0,73.5
444,2,0,male,21.0,2,0,73.5
445,2,0,female,18.0,1,1,13.0
446,2,1,female,20.0,2,1,23.0
447,2,0,male,23.0,2,1,11.5
448,2,0,male,36.0,0,0,13.0
449,2,1,female,54.0,1,3,23.0
450,2,0,male,50.0,0,0,13.0
451,2,0,male,44.0,1,0,26.0
452,2,1,female,29.0,1,0,26.0
453,2,0,male,21.0,0,0,73.5
454,2,1,male,42.0,0,0,13.0
455,2,0,male,63.0,1,0,26.0
456,2,0,female,60.0,1,0,26.0
457,2,0,male,33.0,0,0,12.28
458,2,1,female,17.0,0,0,10.5
459,2,0,male,42.0,1,0,27.0
460,2,1,female,24.0,2,1,27.0
461,2,0,male,47.0,0,0,15.0
462,2,0,male,24.0,2,0,31.5
463,2,0,male,22.0,2,0,31.5
464,2,0,male,32.0,0,0,10.5
465,2,1,female,23.0,0,0,13.79
466,2,0,male,34.0,1,0,26.0
467,2,1,female,24.0,1,0,26.0
468,2,0,female,22.0,0,0,21.0
469,2,1,female,29.8811345124283,0,0,12.35
470,2,0,male,35.0,0,0,12.35
471,2,1,female,45.0,0,0,13.5
472,2,0,male,57.0,0,0,12.35
473,2,0,male,29.8811345124283,0,0,0.0
474,2,0,male,31.0,0,0,10.5
475,2,0,female,26.0,1,1,26.0
476,2,0,male,30.0,1,1,26.0
477,2,0,male,29.8811345124283,0,0,10.71
478,2,1,female,1.0,1,2,41.58
479,2,1,female,3.0,1,2,41.58
480,2,0,male,25.0,1,2,41.58
481,2,1,female,22.0,1,2,41.58
482,2,1,female,17.0,0,0,12.0
483,2,1,female,29.8811345124283,0,0,33.0
484,2,1,female,34.0,0,0,10.5
485,2,0,male,36.0,0,0,12.88
486,2,0,male,24.0,0,0,10.5
487,2,0,male,61.0,0,0,12.35
488,2,0,male,50.0,1,0,26.0
489,2,1,female,42.0,1,0,26.0
490,2,0,female,57.0,0,0,10.5
491,2,0,male,29.8811345124283,0,0,15.05
492,2,1,male,1.0,0,2,37.0
493,2,0,male,31.0,1,1,37.0
494,2,1,female,24.0,1,1,37.0
495,2,0,male,29.8811345124283,0,0,15.58
496,2,0,male,30.0,0,0,13.0
497,2,0,male,40.0,0,0,16.0
498,2,0,male,32.0,0,0,13.5
499,2,0,male,30.0,0,0,13.0
500,2,0,male,46.0,0,0,26.0
501,2,1,female,13.0,0,1,19.5
502,2,1,female,41.0,0,1,19.5
503,2,1,male,19.0,0,0,10.5
504,2,0,male,39.0,0,0,13.0
505,2,0,male,48.0,0,0,13.0
506,2,0,male,70.0,0,0,10.5
507,2,0,male,27.0,0,0,13.0
508,2,0,male,54.0,0,0,14.0
509,2,0,male,39.0,0,0,26.0
510,2,0,male,16.0,0,0,10.5
511,2,0,male,62.0,0,0,9.69
512,2,0,male,32.5,1,0,30.07
513,2,1,female,14.0,1,0,30.07
514,2,1,male,2.0,1,1,26.0
515,2,1,male,3.0,1,1,26.0
516,2,0,male,36.5,0,2,26.0
517,2,0,male,26.0,0,0,13.0
518,2,0,male,19.0,1,1,36.75
519,2,0,male,28.0,0,0,13.5
520,2,1,male,20.0,0,0,13.86
521,2,1,female,29.0,0,0,10.5
522,2,0,male,39.0,0,0,13.0
523,2,1,male,22.0,0,0,10.5
524,2,1,male,29.8811345124283,0,0,13.86
525,2,0,male,23.0,0,0,10.5
526,2,1,male,29.0,0,0,13.86
527,2,0,male,28.0,0,0,10.5
528,2,0,male,29.8811345124283,0,0,0.0
529,2,1,female,50.0,0,1,26.0
530,2,0,male,19.0,0,0,10.5
531,2,0,male,29.8811345124283,0,0,15.05
532,2,0,male,41.0,0,0,13.0
533,2,1,female,21.0,0,1,21.0
534,2,1,female,19.0,0,0,26.0
535,2,0,male,43.0,0,1,21.0
536,2,1,female,32.0,0,0,13.0
537,2,0,male,34.0,0,0,13.0
538,2,1,male,30.0,0,0,12.74
539,2,0,male,27.0,0,0,15.03
540,2,1,female,2.0,1,1,26.0
541,2,1,female,8.0,1,1,26.0
542,2,1,female,33.0,0,2,26.0
543,2,0,male,36.0,0,0,10.5
544,2,0,male,34.0,1,0,21.0
545,2,1,female,30.0,3,0,21.0
546,2,1,female,28.0,0,0,13.0
547,2,0,male,23.0,0,0,15.05
548,2,1,male,0.8333,1,1,18.75
549,2,1,male,3.0,1,1,18.75
550,2,1,female,24.0,2,3,18.75
551,2,1,female,50.0,0,0,10.5
552,2,0,male,19.0,0,0,10.5
553,2,1,female,21.0,0,0,10.5
554,2,0,male,26.0,0,0,13.0
555,2,0,male,25.0,0,0,13.0
556,2,0,male,27.0,0,0,26.0
557,2,1,female,25.0,0,1,26.0
558,2,1,female,18.0,0,2,13.0
559,2,1,female,20.0,0,0,36.75
560,2,1,female,30.0,0,0,13.0
561,2,0,male,59.0,0,0,13.5
562,2,1,female,30.0,0,0,12.35
563,2,0,male,35.0,0,0,10.5
564,2,1,female,40.0,0,0,13.0
565,2,0,male,25.0,0,0,13.0
566,2,0,male,41.0,0,0,15.05
567,2,0,male,25.0,0,0,10.5
568,2,0,male,18.5,0,0,13.0
569,2,0,male,14.0,0,0,65.0
570,2,1,female,50.0,0,0,10.5
571,2,0,male,23.0,0,0,13.0
572,2,1,female,28.0,0,0,12.65
573,2,1,female,27.0,0,0,10.5
574,2,0,male,29.0,1,0,21.0
575,2,0,female,27.0,1,0,21.0
576,2,0,male,40.0,0,0,13.0
577,2,1,female,31.0,0,0,21.0
578,2,0,male,30.0,1,0,21.0
579,2,0,male,23.0,1,0,10.5
580,2,1,female,31.0,0,0,21.0
581,2,0,male,29.8811345124283,0,0,0.0
582,2,1,female,12.0,0,0,15.75
583,2,1,female,40.0,0,0,15.75
584,2,1,female,32.5,0,0,13.0
585,2,0,male,27.0,1,0,26.0
586,2,1,female,29.0,1,0,26.0
587,2,1,male,2.0,1,1,23.0
588,2,1,female,4.0,1,1,23.0
589,2,1,female,29.0,0,2,23.0
590,2,1,female,0.9167,1,2,27.75
591,2,1,female,5.0,1,2,27.75
592,2,0,male,36.0,1,2,27.75
593,2,1,female,33.0,1,2,27.75
594,2,0,male,66.0,0,0,10.5
595,2,0,male,29.8811345124283,0,0,12.88
596,2,1,male,31.0,0,0,13.0
597,2,1,male,29.8811345124283,0,0,13.0
598,2,1,female,26.0,0,0,13.5
599,2,0,female,24.0,0,0,13.0
600,3,0,male,42.0,0,0,7.55
601,3,0,male,13.0,0,2,20.25
602,3,0,male,16.0,1,1,20.25
603,3,1,female,35.0,1,1,20.25
604,3,1,female,16.0,0,0,7.65
605,3,1,male,25.0,0,0,7.65
606,3,1,male,20.0,0,0,7.93
607,3,1,female,18.0,0,0,7.23
608,3,0,male,30.0,0,0,7.25
609,3,0,male,26.0,0,0,8.05
610,3,0,female,40.0,1,0,9.48
611,3,1,male,0.8333,0,1,9.35
612,3,1,female,18.0,0,1,9.35
613,3,1,male,26.0,0,0,18.79
614,3,0,male,26.0,0,0,7.89
615,3,0,male,20.0,0,0,7.93
616,3,0,male,24.0,0,0,7.05
617,3,0,male,25.0,0,0,7.05
618,3,0,male,35.0,0,0,8.05
619,3,0,male,18.0,0,0,8.3
620,3,0,male,32.0,0,0,22.53
621,3,1,female,19.0,1,0,7.85
622,3,0,male,4.0,4,2,31.28
623,3,0,female,6.0,4,2,31.28
624,3,0,female,2.0,4,2,31.28
625,3,1,female,17.0,4,2,7.93
626,3,0,female,38.0,4,2,7.78
627,3,0,female,9.0,4,2,31.28
628,3,0,female,11.0,4,2,31.28
629,3,0,male,39.0,1,5,31.28
630,3,1,male,27.0,0,0,7.8
631,3,0,male,26.0,0,0,7.78
632,3,0,female,39.0,1,5,31.28
633,3,0,male,20.0,0,0,7.85
634,3,0,male,26.0,0,0,7.9
635,3,0,male,25.0,1,0,17.8
636,3,0,female,18.0,1,0,17.8
637,3,0,male,24.0,0,0,7.78
638,3,0,male,35.0,0,0,7.05
639,3,0,male,5.0,4,2,31.39
640,3,0,male,9.0,4,2,31.39
641,3,1,male,3.0,4,2,31.39
642,3,0,male,13.0,4,2,31.39
643,3,1,female,5.0,4,2,31.39
644,3,0,male,40.0,1,5,31.39
645,3,1,male,23.0,0,0,7.8
646,3,1,female,38.0,1,5,31.39
647,3,1,female,45.0,0,0,7.23
648,3,0,male,21.0,0,0,7.23
649,3,0,male,23.0,0,0,7.05
650,3,0,female,17.0,0,0,14.46
651,3,0,male,30.0,0,0,7.23
652,3,0,male,23.0,0,0,7.85
653,3,1,female,13.0,0,0,7.23
654,3,0,male,20.0,0,0,7.23
655,3,0,male,32.0,1,0,15.85
656,3,1,female,33.0,3,0,15.85
657,3,1,female,0.75,2,1,19.26
658,3,1,female,0.75,2,1,19.26
659,3,1,female,5.0,2,1,19.26
660,3,1,female,24.0,0,3,19.26
661,3,1,female,18.0,0,0,8.05
662,3,0,male,40.0,0,0,7.23
663,3,0,male,26.0,0,0,7.9
664,3,1,male,20.0,0,0,7.23
665,3,0,female,18.0,0,1,14.45
666,3,0,female,45.0,0,1,14.45
667,3,0,female,27.0,0,0,7.88
668,3,0,male,22.0,0,0,8.05
669,3,0,male,19.0,0,0,8.05
670,3,0,male,26.0,0,0,7.78
671,3,0,male,22.0,0,0,9.35
672,3,0,male,29.8811345124283,0,0,7.23
673,3,0,male,20.0,0,0,4.01
674,3,1,male,32.0,0,0,56.5
675,3,0,male,21.0,0,0,7.78
676,3,0,male,18.0,0,0,7.75
677,3,0,male,26.0,0,0,7.9
678,3,0,male,6.0,1,1,15.25
679,3,0,female,9.0,1,1,15.25
680,3,0,male,29.8811345124283,0,0,7.23
681,3,0,female,29.8811345124283,0,2,15.25
682,3,0,female,29.8811345124283,0,2,7.75
683,3,0,male,40.0,1,1,15.5
684,3,0,female,32.0,1,1,15.5
685,3,0,male,21.0,0,0,16.1
686,3,1,female,22.0,0,0,7.73
687,3,0,female,20.0,0,0,7.85
688,3,0,male,29.0,1,0,7.05
689,3,0,male,22.0,1,0,7.25
690,3,0,male,22.0,0,0,7.8
691,3,0,male,35.0,0,0,8.05
692,3,0,female,18.5,0,0,7.28
693,3,1,male,21.0,0,0,7.82
694,3,0,male,19.0,0,0,6.75
695,3,0,female,18.0,0,0,7.88
696,3,0,female,21.0,0,0,8.66
697,3,0,female,30.0,0,0,8.66
698,3,0,male,18.0,0,0,8.66
699,3,0,male,38.0,0,0,8.66
700,3,0,male,17.0,0,0,8.66
701,3,0,male,17.0,0,0,8.66
702,3,0,female,21.0,0,0,7.75
703,3,0,male,21.0,0,0,7.75
704,3,0,male,21.0,0,0,8.05
705,3,0,male,29.8811345124283,1,0,14.46
706,3,0,female,29.8811345124283,1,0,14.46
707,3,0,male,28.0,0,0,7.8
708,3,0,male,24.0,0,0,7.85
709,3,1,female,16.0,0,0,7.75
710,3,0,female,37.0,0,0,7.75
711,3,0,male,28.0,0,0,7.25
712,3,0,male,24.0,0,0,8.05
713,3,0,male,21.0,0,0,7.73
714,3,1,male,32.0,0,0,56.5
715,3,0,male,29.0,0,0,8.05
716,3,0,male,26.0,1,0,14.45
717,3,0,male,18.0,1,0,14.45
718,3,0,male,20.0,0,0,7.05
719,3,1,male,18.0,0,0,8.05
720,3,0,male,24.0,0,0,7.25
721,3,0,male,36.0,0,0,7.5
722,3,0,male,24.0,0,0,7.5
723,3,0,male,31.0,0,0,7.73
724,3,0,male,31.0,0,0,7.75
725,3,1,female,22.0,0,0,7.75
726,3,0,female,30.0,0,0,7.63
727,3,0,male,70.5,0,0,7.75
728,3,0,male,43.0,0,0,8.05
729,3,0,male,35.0,0,0,7.9
730,3,0,male,27.0,0,0,7.9
731,3,0,male,19.0,0,0,7.9
732,3,0,male,30.0,0,0,8.05
733,3,1,male,9.0,1,1,15.9
734,3,1,male,3.0,1,1,15.9
735,3,1,female,36.0,0,2,15.9
736,3,0,male,59.0,0,0,7.25
737,3,0,male,19.0,0,0,8.16
738,3,1,female,17.0,0,1,16.1
739,3,0,male,44.0,0,1,16.1
740,3,0,male,17.0,0,0,8.66
741,3,0,male,22.5,0,0,7.23
742,3,1,male,45.0,0,0,8.05
743,3,0,female,22.0,0,0,10.52
744,3,0,male,19.0,0,0,10.17
745,3,1,female,30.0,0,0,6.95
746,3,1,male,29.0,0,0,7.75
747,3,0,male,0.3333,0,2,14.4
748,3,0,male,34.0,1,1,14.4
749,3,0,female,28.0,1,1,14.4
750,3,0,male,27.0,0,0,7.9
751,3,0,male,25.0,0,0,7.9
752,3,0,male,24.0,2,0,24.15
753,3,0,male,22.0,0,0,8.05
754,3,0,male,21.0,2,0,24.15
755,3,0,male,17.0,2,0,8.05
756,3,0,male,29.8811345124283,1,0,16.1
757,3,1,female,29.8811345124283,1,0,16.1
758,3,1,male,36.5,1,0,17.4
759,3,1,female,36.0,1,0,17.4
760,3,1,male,30.0,0,0,9.5
761,3,0,male,16.0,0,0,9.5
762,3,1,male,1.0,1,2,20.58
763,3,1,female,0.1667,1,2,20.58
764,3,0,male,26.0,1,2,20.58
765,3,1,female,33.0,1,2,20.58
766,3,0,male,25.0,0,0,7.9
767,3,0,male,29.8811345124283,0,0,7.9
768,3,0,male,29.8811345124283,0,0,7.9
769,3,0,male,22.0,0,0,7.25
770,3,0,male,36.0,0,0,7.25
771,3,1,female,19.0,0,0,7.88
772,3,0,male,17.0,0,0,7.9
773,3,0,male,42.0,0,0,8.66
774,3,0,male,43.0,0,0,7.9
775,3,0,male,29.8811345124283,0,0,7.23
776,3,0,male,32.0,0,0,7.75
777,3,1,male,19.0,0,0,8.05
778,3,1,female,30.0,0,0,12.48
779,3,0,female,24.0,0,0,7.75
780,3,1,female,23.0,0,0,8.05
781,3,0,male,33.0,0,0,7.9
782,3,0,male,65.0,0,0,7.75
783,3,1,male,24.0,0,0,7.55
784,3,0,male,23.0,1,0,13.9
785,3,1,female,22.0,1,0,13.9
786,3,0,male,18.0,0,0,7.78
787,3,0,male,16.0,0,0,7.78
788,3,0,male,45.0,0,0,6.98
789,3,0,male,29.8811345124283,0,0,7.23
790,3,0,male,39.0,0,2,7.23
791,3,0,male,17.0,1,1,7.23
792,3,0,male,15.0,1,1,7.23
793,3,0,male,47.0,0,0,7.25
794,3,1,female,5.0,0,0,12.48
795,3,0,male,29.8811345124283,0,0,7.23
796,3,0,male,40.5,0,0,15.1
797,3,0,male,40.5,0,0,7.75
798,3,1,male,29.8811345124283,0,0,7.05
799,3,0,male,18.0,0,0,7.8
800,3,0,female,29.8811345124283,0,0,7.75
801,3,0,male,29.8811345124283,0,0,7.75
802,3,0,male,29.8811345124283,0,0,6.95
803,3,0,male,26.0,0,0,7.88
804,3,0,male,29.8811345124283,0,0,7.75
805,3,1,male,29.8811345124283,0,0,56.5
806,3,0,female,21.0,2,2,34.38
807,3,0,female,9.0,2,2,34.38
808,3,0,male,29.8811345124283,0,0,8.05
809,3,0,male,18.0,2,2,34.38
810,3,0,male,16.0,1,3,34.38
811,3,0,female,48.0,1,3,34.38
812,3,0,male,29.8811345124283,0,0,7.75
813,3,0,male,29.8811345124283,0,0,7.25
814,3,0,male,25.0,0,0,7.74
815,3,0,male,29.8811345124283,0,0,14.5
816,3,0,male,29.8811345124283,0,0,7.9
817,3,0,male,22.0,0,0,8.05
818,3,1,female,16.0,0,0,7.73
819,3,1,female,29.8811345124283,0,0,7.75
820,3,1,male,9.0,0,2,20.53
821,3,0,male,33.0,1,1,20.53
822,3,0,male,41.0,0,0,7.85
823,3,1,female,31.0,1,1,20.53
824,3,0,male,38.0,0,0,7.05
825,3,0,male,9.0,5,2,46.9
826,3,0,male,1.0,5,2,46.9
827,3,0,male,11.0,5,2,46.9
828,3,0,female,10.0,5,2,46.9
829,3,0,female,16.0,5,2,46.9
830,3,0,male,14.0,5,2,46.9
831,3,0,male,40.0,1,6,46.9
832,3,0,female,43.0,1,6,46.9
833,3,0,male,51.0,0,0,8.05
834,3,0,male,32.0,0,0,8.36
835,3,0,male,29.8811345124283,0,0,8.05
836,3,0,male,20.0,0,0,9.85
837,3,0,male,37.0,2,0,7.93
838,3,0,male,28.0,2,0,7.93
839,3,0,male,19.0,0,0,7.78
840,3,0,female,24.0,0,0,8.85
841,3,0,female,17.0,0,0,7.73
842,3,0,male,29.8811345124283,1,0,19.97
843,3,0,male,29.8811345124283,1,0,19.97
844,3,0,male,28.0,1,0,15.85
845,3,1,female,24.0,1,0,15.85
846,3,0,male,20.0,0,0,9.5
847,3,0,male,23.5,0,0,7.23
848,3,0,male,41.0,2,0,14.11
849,3,0,male,26.0,1,0,7.85
850,3,0,male,21.0,0,0,7.85
851,3,1,female,45.0,1,0,14.11
852,3,0,female,29.8811345124283,0,0,7.55
853,3,0,male,25.0,0,0,7.25
854,3,0,male,29.8811345124283,0,0,6.86
855,3,0,male,11.0,0,0,18.79
856,3,1,female,29.8811345124283,0,0,7.75
857,3,1,male,27.0,0,0,6.98
858,3,1,male,29.8811345124283,0,0,56.5
859,3,0,female,18.0,0,0,6.75
860,3,1,female,26.0,0,0,7.93
861,3,0,female,23.0,0,0,7.93
862,3,1,female,22.0,0,0,8.96
863,3,0,male,28.0,0,0,7.9
864,3,0,female,28.0,0,0,7.78
865,3,0,female,29.8811345124283,0,0,7.75
866,3,1,female,2.0,0,1,12.29
867,3,1,female,22.0,1,1,12.29
868,3,0,male,43.0,0,0,6.45
869,3,0,male,28.0,0,0,22.53
870,3,1,female,27.0,0,0,7.93
871,3,0,male,29.8811345124283,0,0,7.75
872,3,1,female,29.8811345124283,0,0,8.05
873,3,0,male,42.0,0,0,7.65
874,3,1,male,29.8811345124283,0,0,7.89
875,3,0,male,30.0,0,0,7.23
876,3,0,male,29.8811345124283,0,0,7.9
877,3,0,female,27.0,1,0,7.93
878,3,0,female,25.0,1,0,7.93
879,3,0,male,29.8811345124283,0,0,7.9
880,3,1,male,29.0,0,0,7.9
881,3,1,male,21.0,0,0,7.8
882,3,0,male,29.8811345124283,0,0,7.05
883,3,0,male,20.0,0,0,7.85
884,3,0,male,48.0,0,0,7.85
885,3,0,male,17.0,1,0,7.05
886,3,1,female,29.8811345124283,0,0,7.75
887,3,1,male,29.8811345124283,0,0,8.11
888,3,0,male,34.0,0,0,6.5
889,3,1,male,26.0,0,0,7.78
890,3,0,male,22.0,0,0,7.8
891,3,0,male,33.0,0,0,8.65
892,3,0,male,31.0,0,0,7.78
893,3,0,male,29.0,0,0,7.85
894,3,1,male,4.0,1,1,11.13
895,3,1,female,1.0,1,1,11.13
896,3,0,male,49.0,0,0,0.0
897,3,0,male,33.0,0,0,7.78
898,3,0,male,19.0,0,0,0.0
899,3,1,female,27.0,0,2,11.13
900,3,0,male,29.8811345124283,1,2,23.45
901,3,0,female,29.8811345124283,1,2,23.45
902,3,0,male,29.8811345124283,1,2,23.45
903,3,0,female,29.8811345124283,1,2,23.45
904,3,0,male,23.0,0,0,7.9
905,3,1,male,32.0,0,0,7.85
906,3,0,male,27.0,0,0,7.85
907,3,0,female,20.0,1,0,9.83
908,3,0,female,21.0,1,0,9.83
909,3,1,male,32.0,0,0,7.93
910,3,0,male,17.0,0,0,7.13
911,3,0,male,21.0,0,0,8.43
912,3,0,male,30.0,0,0,7.9
913,3,1,male,21.0,0,0,7.8
914,3,0,male,33.0,0,0,7.85
915,3,0,male,22.0,0,0,7.52
916,3,1,female,4.0,0,1,13.42
917,3,1,male,39.0,0,1,13.42
918,3,0,male,29.8811345124283,0,0,7.23
919,3,0,male,18.5,0,0,7.23
920,3,0,male,29.8811345124283,0,0,7.75
921,3,0,male,29.8811345124283,0,0,7.25
922,3,1,female,29.8811345124283,0,0,7.75
923,3,1,female,29.8811345124283,0,0,7.75
924,3,0,male,34.5,0,0,7.83
925,3,0,male,44.0,0,0,8.05
926,3,1,male,29.8811345124283,0,0,7.75
927,3,0,male,29.8811345124283,1,0,14.45
928,3,0,female,29.8811345124283,1,0,14.45
929,3,0,male,29.8811345124283,1,0,7.75
930,3,0,male,29.8811345124283,1,0,7.75
931,3,0,male,29.8811345124283,0,0,7.74
932,3,0,female,22.0,2,0,8.66
933,3,0,male,26.0,2,0,8.66
934,3,1,female,4.0,0,2,22.03
935,3,1,male,29.0,3,1,22.03
936,3,1,female,26.0,1,1,22.03
937,3,0,female,1.0,1,1,12.18
938,3,0,male,18.0,1,1,7.85
939,3,0,female,36.0,0,2,12.18
940,3,0,male,29.8811345124283,0,0,7.9
941,3,1,male,25.0,0,0,7.23
942,3,0,male,29.8811345124283,0,0,7.23
943,3,0,female,37.0,0,0,9.59
944,3,0,male,29.8811345124283,0,0,7.9
945,3,1,male,29.8811345124283,0,0,56.5
946,3,0,male,29.8811345124283,0,0,56.5
947,3,1,female,22.0,0,0,7.25
948,3,0,male,29.8811345124283,0,0,7.75
949,3,1,male,26.0,0,0,56.5
950,3,0,male,29.0,0,0,9.48
951,3,0,male,29.0,0,0,7.78
952,3,0,male,22.0,0,0,7.78
953,3,1,male,22.0,0,0,7.23
954,3,0,male,29.8811345124283,3,1,25.47
955,3,0,female,29.8811345124283,3,1,25.47
956,3,0,female,29.8811345124283,3,1,25.47
957,3,0,female,29.8811345124283,3,1,25.47
958,3,0,female,29.8811345124283,0,4,25.47
959,3,0,male,32.0,0,0,7.93
960,3,0,male,34.5,0,0,6.44
961,3,0,female,29.8811345124283,1,0,15.5
962,3,0,male,29.8811345124283,1,0,15.5
963,3,0,male,36.0,0,0,0.0
964,3,0,male,39.0,0,0,24.15
965,3,0,male,24.0,0,0,9.5
966,3,0,female,25.0,0,0,7.78
967,3,0,female,45.0,0,0,7.75
968,3,0,male,36.0,1,0,15.55
969,3,0,female,30.0,1,0,15.55
970,3,1,male,20.0,1,0,7.93
971,3,0,male,29.8811345124283,0,0,7.88
972,3,0,male,28.0,0,0,56.5
973,3,0,male,29.8811345124283,0,0,7.55
974,3,0,male,30.0,1,0,16.1
975,3,0,female,26.0,1,0,16.1
976,3,0,male,29.8811345124283,0,0,7.88
977,3,0,male,20.5,0,0,7.25
978,3,1,male,27.0,0,0,8.66
979,3,0,male,51.0,0,0,7.05
980,3,1,female,23.0,0,0,7.85
981,3,1,male,32.0,0,0,7.58
982,3,0,male,29.8811345124283,0,0,7.9
983,3,0,male,29.8811345124283,0,0,7.55
984,3,1,female,29.8811345124283,0,0,7.75
985,3,1,male,24.0,0,0,7.14
986,3,0,male,22.0,0,0,7.13
987,3,0,female,29.8811345124283,0,0,7.88
988,3,0,male,29.8811345124283,0,0,7.75
989,3,0,male,29.8811345124283,0,0,8.05
990,3,0,male,29.0,0,0,7.93
991,3,1,male,29.8811345124283,0,0,7.23
992,3,0,female,30.5,0,0,7.75
993,3,1,female,29.8811345124283,0,0,7.74
994,3,0,male,29.8811345124283,0,0,7.23
995,3,0,male,35.0,0,0,7.9
996,3,0,male,33.0,0,0,7.9
997,3,1,female,29.8811345124283,0,0,7.23
998,3,0,male,29.8811345124283,0,0,7.9
999,3,1,female,29.8811345124283,0,0,7.75
1000,3,1,male,29.8811345124283,0,0,7.75
1001,3,1,female,29.8811345124283,2,0,23.25
1002,3,1,female,29.8811345124283,2,0,23.25
1003,3,1,male,29.8811345124283,2,0,23.25
1004,3,1,female,29.8811345124283,0,0,7.79
1005,3,0,male,29.8811345124283,0,0,15.5
1006,3,1,female,29.8811345124283,0,0,7.88
1007,3,1,female,15.0,0,0,8.03
1008,3,0,female,35.0,0,0,7.75
1009,3,0,male,29.8811345124283,0,0,7.75
1010,3,0,male,24.0,1,0,16.1
1011,3,0,female,19.0,1,0,16.1
1012,3,0,female,29.8811345124283,0,0,7.75
1013,3,0,female,29.8811345124283,0,0,8.05
1014,3,0,female,29.8811345124283,0,0,8.05
1015,3,0,male,55.5,0,0,8.05
1016,3,0,male,29.8811345124283,0,0,7.75
1017,3,1,male,21.0,0,0,7.78
1018,3,0,male,29.8811345124283,0,0,8.05
1019,3,0,male,24.0,0,0,7.9
1020,3,0,male,21.0,0,0,7.9
1021,3,0,male,28.0,0,0,7.9
1022,3,0,male,29.8811345124283,0,0,7.9
1023,3,1,female,29.8811345124283,0,0,7.88
1024,3,0,male,25.0,0,0,7.65
1025,3,1,male,6.0,0,1,12.48
1026,3,1,female,27.0,0,1,12.48
1027,3,0,male,29.8811345124283,0,0,8.05
1028,3,1,female,29.8811345124283,1,0,24.15
1029,3,0,male,29.8811345124283,1,0,24.15
1030,3,0,male,29.8811345124283,0,0,8.46
1031,3,0,male,34.0,0,0,8.05
1032,3,0,male,29.8811345124283,0,0,7.75
1033,3,1,male,29.8811345124283,0,0,7.78
1034,3,1,male,29.8811345124283,1,1,15.25
1035,3,1,male,29.8811345124283,1,1,15.25
1036,3,1,female,29.8811345124283,0,2,15.25
1037,3,1,female,29.8811345124283,0,0,7.23
1038,3,0,male,29.8811345124283,0,0,8.05
1039,3,1,female,29.8811345124283,0,0,7.73
1040,3,1,female,24.0,0,0,7.75
1041,3,0,male,29.8811345124283,0,0,8.05
1042,3,1,female,29.8811345124283,1,0,15.5
1043,3,1,female,29.8811345124283,1,0,15.5
1044,3,1,female,29.8811345124283,0,0,15.5
1045,3,0,male,18.0,0,0,7.75
1046,3,0,male,22.0,0,0,7.9
1047,3,1,female,15.0,0,0,7.23
1048,3,1,female,1.0,0,2,15.74
1049,3,1,male,20.0,1,1,15.74
1050,3,1,female,19.0,1,1,15.74
1051,3,0,male,33.0,0,0,8.05
1052,3,0,male,29.8811345124283,0,0,7.9
1053,3,0,male,29.8811345124283,0,0,7.23
1054,3,0,female,29.8811345124283,0,0,7.75
1055,3,0,male,29.8811345124283,0,0,7.9
1056,3,1,male,12.0,1,0,11.24
1057,3,1,female,14.0,1,0,11.24
1058,3,0,female,29.0,0,0,7.93
1059,3,0,male,28.0,0,0,8.05
1060,3,1,female,18.0,0,0,7.78
1061,3,1,female,26.0,0,0,7.85
1062,3,0,male,21.0,0,0,7.85
1063,3,0,male,41.0,0,0,7.13
1064,3,1,male,39.0,0,0,7.93
1065,3,0,male,21.0,0,0,7.8
1066,3,0,male,28.5,0,0,7.23
1067,3,1,female,22.0,0,0,7.75
1068,3,0,male,61.0,0,0,6.24
1069,3,0,male,29.8811345124283,1,0,15.5
1070,3,0,male,29.8811345124283,0,0,7.83
1071,3,1,female,29.8811345124283,1,0,15.5
1072,3,0,male,29.8811345124283,0,0,7.73
1073,3,0,male,29.8811345124283,0,0,7.75
1074,3,0,male,29.8811345124283,0,0,7.75
1075,3,0,male,23.0,0,0,9.23
1076,3,0,female,29.8811345124283,0,0,7.75
1077,3,1,female,29.8811345124283,0,0,7.75
1078,3,1,female,29.8811345124283,0,0,7.88
1079,3,1,female,22.0,0,0,7.78
1080,3,1,male,29.8811345124283,0,0,7.75
1081,3,1,female,29.8811345124283,0,0,7.83
1082,3,1,male,9.0,0,1,3.17
1083,3,0,male,28.0,0,0,22.53
1084,3,0,male,42.0,0,1,8.4
1085,3,0,male,29.8811345124283,0,0,7.31
1086,3,0,female,31.0,0,0,7.85
1087,3,0,male,28.0,0,0,7.85
1088,3,1,male,32.0,0,0,7.78
1089,3,0,male,20.0,0,0,9.23
1090,3,0,female,23.0,0,0,8.66
1091,3,0,female,20.0,0,0,8.66
1092,3,0,male,20.0,0,0,8.66
1093,3,0,male,16.0,0,0,9.22
1094,3,1,female,31.0,0,0,8.68
1095,3,0,female,29.8811345124283,0,0,7.63
1096,3,0,male,2.0,3,1,21.08
1097,3,0,male,6.0,3,1,21.08
1098,3,0,female,3.0,3,1,21.08
1099,3,0,female,8.0,3,1,21.08
1100,3,0,female,29.0,0,4,21.08
1101,3,0,male,1.0,4,1,39.69
1102,3,0,male,7.0,4,1,39.69
1103,3,0,male,2.0,4,1,39.69
1104,3,0,male,16.0,4,1,39.69
1105,3,0,male,14.0,4,1,39.69
1106,3,0,female,41.0,0,5,39.69
1107,3,0,male,21.0,0,0,8.66
1108,3,0,male,19.0,0,0,14.5
1109,3,0,male,29.8811345124283,0,0,8.71
1110,3,0,male,32.0,0,0,7.9
1111,3,0,male,0.75,1,1,13.78
1112,3,0,female,3.0,1,1,13.78
1113,3,0,female,26.0,0,2,13.78
1114,3,0,male,29.8811345124283,0,0,7.0
1115,3,0,male,29.8811345124283,0,0,7.78
1116,3,0,male,29.8811345124283,0,0,8.05
1117,3,0,male,21.0,0,0,7.93
1118,3,0,male,25.0,0,0,7.93
1119,3,0,male,22.0,0,0,7.25
1120,3,1,male,25.0,1,0,7.78
1121,3,1,male,29.8811345124283,1,1,22.36
1122,3,1,female,29.8811345124283,1,1,22.36
1123,3,1,female,29.8811345124283,0,2,22.36
1124,3,0,female,29.8811345124283,0,0,8.14
1125,3,0,male,24.0,0,0,8.05
1126,3,0,female,28.0,0,0,7.9
1127,3,0,male,19.0,0,0,7.9
1128,3,0,male,29.8811345124283,0,0,7.9
1129,3,0,male,25.0,1,0,7.78
1130,3,0,female,18.0,0,0,7.78
1131,3,1,male,32.0,0,0,8.05
1132,3,0,male,29.8811345124283,0,0,7.9
1133,3,0,male,17.0,0,0,8.66
1134,3,0,male,24.0,0,0,8.66
1135,3,0,male,29.8811345124283,0,0,7.9
1136,3,0,female,29.8811345124283,0,0,8.11
1137,3,0,male,29.8811345124283,0,0,7.23
1138,3,0,male,29.8811345124283,0,0,7.25
1139,3,0,male,38.0,0,0,7.9
1140,3,0,male,21.0,0,0,8.05
1141,3,0,male,10.0,4,1,29.13
1142,3,0,male,4.0,4,1,29.13
1143,3,0,male,7.0,4,1,29.13
1144,3,0,male,2.0,4,1,29.13
1145,3,0,male,8.0,4,1,29.13
1146,3,0,female,39.0,0,5,29.13
1147,3,0,female,22.0,0,0,39.69
1148,3,0,male,35.0,0,0,7.13
1149,3,1,female,29.8811345124283,0,0,7.72
1150,3,0,male,29.8811345124283,0,0,14.5
1151,3,0,female,29.8811345124283,0,0,14.5
1152,3,0,male,50.0,1,0,14.5
1153,3,0,female,47.0,1,0,14.5
1154,3,0,male,29.8811345124283,0,0,8.05
1155,3,0,male,29.8811345124283,0,0,7.78
1156,3,0,female,2.0,1,1,20.21
1157,3,0,male,18.0,1,1,20.21
1158,3,0,female,41.0,0,2,20.21
1159,3,1,female,29.8811345124283,0,0,8.05
1160,3,0,male,50.0,0,0,8.05
1161,3,0,male,16.0,0,0,8.05
1162,3,1,male,29.8811345124283,0,0,7.75
1163,3,0,male,29.8811345124283,0,0,24.15
1164,3,0,male,29.8811345124283,0,0,7.23
1165,3,0,male,25.0,0,0,7.23
1166,3,0,male,29.8811345124283,0,0,7.23
1167,3,0,male,29.8811345124283,0,0,7.73
1168,3,0,male,29.8811345124283,0,0,7.58
1169,3,0,male,38.5,0,0,7.25
1170,3,0,male,29.8811345124283,8,2,69.55
1171,3,0,male,14.5,8,2,69.55
1172,3,0,female,29.8811345124283,8,2,69.55
1173,3,0,female,29.8811345124283,8,2,69.55
1174,3,0,female,29.8811345124283,8,2,69.55
1175,3,0,female,29.8811345124283,8,2,69.55
1176,3,0,male,29.8811345124283,8,2,69.55
1177,3,0,male,29.8811345124283,8,2,69.55
1178,3,0,male,29.8811345124283,8,2,69.55
1179,3,0,male,29.8811345124283,1,9,69.55
1180,3,0,female,29.8811345124283,1,9,69.55
1181,3,0,male,24.0,0,0,9.33
1182,3,1,female,21.0,0,0,7.65
1183,3,0,male,39.0,0,0,7.93
1184,3,0,male,29.8811345124283,2,0,21.68
1185,3,0,male,29.8811345124283,2,0,21.68
1186,3,0,male,29.8811345124283,2,0,21.68
1187,3,1,female,1.0,1,1,16.7
1188,3,1,female,24.0,0,2,16.7
1189,3,1,female,4.0,1,1,16.7
1190,3,1,male,25.0,0,0,9.5
1191,3,0,male,20.0,0,0,8.05
1192,3,0,male,24.5,0,0,8.05
1193,3,0,male,29.8811345124283,0,0,7.73
1194,3,0,male,29.8811345124283,0,0,7.9
1195,3,0,male,29.8811345124283,0,0,7.75
1196,3,1,male,29.0,0,0,9.5
1197,3,0,male,29.8811345124283,0,0,15.1
1198,3,1,female,29.8811345124283,0,0,7.78
1199,3,0,male,29.8811345124283,0,0,8.05
1200,3,0,male,29.8811345124283,0,0,8.05
1201,3,0,male,22.0,0,0,7.23
1202,3,0,male,29.8811345124283,0,0,8.05
1203,3,0,male,40.0,0,0,7.9
1204,3,0,male,21.0,0,0,7.93
1205,3,1,female,18.0,0,0,7.5
1206,3,0,male,4.0,3,2,27.9
1207,3,0,male,10.0,3,2,27.9
1208,3,0,female,9.0,3,2,27.9
1209,3,0,female,2.0,3,2,27.9
1210,3,0,male,40.0,1,4,27.9
1211,3,0,female,45.0,1,4,27.9
1212,3,0,male,29.8811345124283,0,0,7.9
1213,3,0,male,29.8811345124283,0,0,8.05
1214,3,0,male,29.8811345124283,0,0,8.66
1215,3,0,male,29.8811345124283,0,0,7.75
1216,3,1,female,29.8811345124283,0,0,7.73
1217,3,0,male,19.0,0,0,7.65
1218,3,0,male,30.0,0,0,8.05
1219,3,0,male,29.8811345124283,0,0,8.05
1220,3,0,male,32.0,0,0,8.05
1221,3,0,male,29.8811345124283,0,0,7.9
1222,3,0,male,33.0,0,0,8.66
1223,3,1,female,23.0,0,0,7.55
1224,3,0,male,21.0,0,0,8.05
1225,3,0,male,60.5,0,0,33.29629
1226,3,0,male,19.0,0,0,7.9
1227,3,0,female,22.0,0,0,9.84
1228,3,1,male,31.0,0,0,7.93
1229,3,0,male,27.0,0,0,8.66
1230,3,0,female,2.0,0,1,10.46
1231,3,0,female,29.0,1,1,10.46
1232,3,1,male,16.0,0,0,8.05
1233,3,1,male,44.0,0,0,7.93
1234,3,0,male,25.0,0,0,7.05
1235,3,0,male,74.0,0,0,7.78
1236,3,1,male,14.0,0,0,9.23
1237,3,0,male,24.0,0,0,7.8
1238,3,1,male,25.0,0,0,7.8
1239,3,0,male,34.0,0,0,8.05
1240,3,1,male,0.4167,0,1,8.52
1241,3,0,male,29.8811345124283,1,0,6.44
1242,3,0,male,29.8811345124283,0,0,6.44
1243,3,0,male,29.8811345124283,0,0,7.23
1244,3,1,female,16.0,1,1,8.52
1245,3,0,male,29.8811345124283,0,0,8.05
1246,3,0,male,29.8811345124283,1,0,16.1
1247,3,1,female,29.8811345124283,1,0,16.1
1248,3,0,male,32.0,0,0,7.93
1249,3,0,male,29.8811345124283,0,0,7.75
1250,3,0,male,29.8811345124283,0,0,7.9
1251,3,0,male,30.5,0,0,8.05
1252,3,0,male,44.0,0,0,8.05
1253,3,0,male,29.8811345124283,0,0,7.23
1254,3,1,male,25.0,0,0,0.0
1255,3,0,male,29.8811345124283,0,0,7.23
1256,3,1,male,7.0,1,1,15.25
1257,3,1,female,9.0,1,1,15.25
1258,3,1,female,29.0,0,2,15.25
1259,3,0,male,36.0,0,0,7.9
1260,3,1,female,18.0,0,0,9.84
1261,3,1,female,63.0,0,0,9.59
1262,3,0,male,29.8811345124283,1,1,14.5
1263,3,0,male,11.5,1,1,14.5
1264,3,0,male,40.5,0,2,14.5
1265,3,0,female,10.0,0,2,24.15
1266,3,0,male,36.0,1,1,24.15
1267,3,0,female,30.0,1,1,24.15
1268,3,0,male,29.8811345124283,0,0,9.5
1269,3,0,male,33.0,0,0,9.5
1270,3,0,male,28.0,0,0,9.5
1271,3,0,male,28.0,0,0,9.5
1272,3,0,male,47.0,0,0,9.0
1273,3,0,female,18.0,2,0,18.0
1274,3,0,male,31.0,3,0,18.0
1275,3,0,male,16.0,2,0,18.0
1276,3,0,female,31.0,1,0,18.0
1277,3,1,male,22.0,0,0,7.23
1278,3,0,male,20.0,0,0,7.85
1279,3,0,female,14.0,0,0,7.85
1280,3,0,male,22.0,0,0,7.9
1281,3,0,male,22.0,0,0,9.0
1282,3,0,male,29.8811345124283,0,0,8.05
1283,3,0,male,29.8811345124283,0,0,7.55
1284,3,0,male,29.8811345124283,0,0,8.05
1285,3,0,male,32.5,0,0,9.5
1286,3,1,female,38.0,0,0,7.23
1287,3,0,male,51.0,0,0,7.75
1288,3,0,male,18.0,1,0,6.5
1289,3,0,male,21.0,1,0,6.5
1290,3,1,female,47.0,1,0,7.0
1291,3,0,male,29.8811345124283,0,0,8.71
1292,3,0,male,29.8811345124283,0,0,7.55
1293,3,0,male,29.8811345124283,0,0,8.05
1294,3,0,male,28.5,0,0,16.1
1295,3,0,male,21.0,0,0,7.25
1296,3,0,male,27.0,0,0,8.66
1297,3,0,male,29.8811345124283,0,0,7.25
1298,3,0,male,36.0,0,0,9.5
1299,3,0,male,27.0,1,0,14.45
1300,3,1,female,15.0,1,0,14.45
1301,3,0,male,45.5,0,0,7.23
1302,3,0,male,29.8811345124283,0,0,7.23
1303,3,0,male,29.8811345124283,0,0,14.46
1304,3,0,female,14.5,1,0,14.45
1305,3,0,female,29.8811345124283,1,0,14.45
1306,3,0,male,26.5,0,0,7.23
1307,3,0,male,27.0,0,0,7.23
1308,3,0,male,29.0,0,0,7.88
